"sales_id";" transaction_id";" transaction_date";" transaction_time";" customer_id";" product_id";" unit_price";" product_group";" product";" current_retail_price";" promo_yn";" customer_firstName";" customer_since";" gender";" birth_year";" generation";" instore_yn";" quantity";" customer_COUNT_sales_";" customer_MEAN_sales__IMP__quanti";" customer_MEAN_sales_unit_price_";" customer_MODE_sales__IMP__instor";" customer_SUM_sales__IMP__quantit";" customer_SUM_sales_unit_price_";" product_COUNT_sales_";" product_SUM_sales__IMP__quantity";" product_SUM_sales_unit_price__sa";" "
"151";"691";"2019-04-01";"17:39:57.000";"602";"77";"3";"Food";"OatmealScone";"3";"1";"IllianaReid";"2018-09-18";"F";"1988";"OlderMillennials";"N";"1";"1";"1.00";"3.00";"N";"1.00";"3.00";"12";"12.00";"36.00";" "
"212";"988";"2019-04-01";"16:58:33.000";"384";"37";"3";"Beverages";"Espressoshot";"3";"0";"KylanHayes";"2017-06-24";"F";"1960";"BabyBoomers";"Y";"1";"1";"1.00";"3.00";"Y";"1.00";"3.00";"6";"7.00";"18.00";" "
"288";"1302";"2019-04-01";"19:12:14.000";"18";"22";"2";"Beverages";"OurOldTimeDinerBlendSm";"2";"0";"KylanHayes";"2017-02-20";"M";"1953";"BabyBoomers";"Y";"1";"1";"1.00";"2.00";"Y";"1.00";"2.00";"7";"10.00";"14.00";" "
"325";"1447";"2019-04-01";"18:22:12.000";"70";"61";"4.75";"Beverages";"SustainablyGrownOrganicLg";"5";"0";"IvorLevine";"2017-07-13";"M";"1962";"BabyBoomers";"N";"2";"1";"2.00";"4.75";"N";"2.00";"4.75";"12";"17.45";"57.00";" "
"348";"1570";"2019-04-01";"12:30:39.000";"259";"48";"2.5";"Beverages";"EnglishBreakfastRg";"3";"1";"RothShelton";"2018-12-16";"M";"1994";"YoungerMillennials";"N";"2";"1";"2.00";"2.50";"N";"2.00";"2.50";"8";"12.45";"20.00";" "
"649";"337";"2019-04-01";"16:26:04.000";"5673";"37";"3";"Beverages";"Espressoshot";"3";"1";"Camilla";"2018-11-01";"F";"1991";"YoungerMillennials";"N";"1";"1";"1.00";"3.00";"N";"1.00";"3.00";"6";"7.00";"18.00";" "
"858";"1411";"2019-04-01";"15:46:49.000";"5176";"31";"2.2";"Beverages";"EthiopiaSm";"2";"1";"Rogan";"2017-05-03";"N";"1983";"OlderMillennials";"N";"2";"1";"2.00";"2.20";"N";"2.00";"2.20";"9";"16.45";"19.80";" "
"1023";"2194";"2019-04-01";"11:01:48.000";"5794";"45";"3";"Beverages";"PeppermintLg";"3";"1";"Fletcher";"2018-09-29";"M";"1989";"OlderMillennials";"Y";"2";"1";"2.00";"3.00";"Y";"2.00";"3.00";"10";"18.00";"30.00";" "
"1036";"2242";"2019-04-01";"8:51:38.000";"5346";"57";"3.1";"Beverages";"SpicyEyeOpenerChaiLg";"3";"0";"Dale";"2018-09-27";"N";"1996";"GenZ";"N";"2";"1";"2.00";"3.10";"N";"2.00";"3.10";"10";"14.00";"31.00";" "
"1257";"742";"2019-04-01";"13:47:51.000";"8467";"40";"3.75";"Beverages";"Cappuccino";"4";"1";"Zachary";"2017-05-08";"M";"1961";"BabyBoomers";"N";"1";"1";"1.00";"3.75";"N";"1.00";"3.75";"7";"12.00";"26.25";" "
"1357";"1296";"2019-04-01";"14:57:22.000";"8252";"59";"4.5";"Beverages";"DarkchocolateLg";"5";"1";"Ferdinand";"2017-09-14";"M";"1959";"BabyBoomers";"Y";"1";"1";"1.00";"4.50";"Y";"1.00";"4.50";"10";"15.00";"45.00";" "
"1507";"2075";"2019-04-01";"16:15:31.000";"8428";"49";"3";"Beverages";"EnglishBreakfastLg";"3";"0";"Vance";"2019-02-01";"M";"1964";"BabyBoomers";"Y";"2";"1";"2.00";"3.00";"Y";"2.00";"3.00";"12";"16.00";"36.00";" "
"1577";"2395";"2019-04-01";"18:07:13.000";"8272";"23";"2.5";"Beverages";"OurOldTimeDinerBlendRg";"3";"0";"Xandra";"2018-12-26";"N";"1991";"YoungerMillennials";"Y";"1";"1";"1.45";"2.50";"Y";"1.45";"2.50";"8";"12.45";"20.00";" "
"1580";"2400";"2019-04-01";"8:41:23.000";"8397";"75";"3.5";"Food";"Croissant";"3";"1";"Inga";"2018-11-09";"F";"1972";"GenX";"N";"1";"1";"1.00";"3.50";"N";"1.00";"3.50";"7";"7.45";"24.50";" "
"1584";"2427";"2019-04-01";"12:00:34.000";"8202";"73";"3.75";"Food";"AlmondCroissant";"4";"0";"Judah";"2018-11-09";"M";"1950";"BabyBoomers";"N";"1";"2";"1.50";"3.10";"N";"3.00";"6.20";"6";"6.00";"22.50";" "
"1599";"2528";"2019-04-01";"11:39:30.000";"8029";"56";"2.55";"Beverages";"SpicyEyeOpenerChaiRg";"3";"0";"Kennedy";"2018-02-07";"M";"1981";"OlderMillennials";"N";"1";"1";"1.00";"2.55";"N";"1.00";"2.55";"14";"21.45";"35.70";" "
"1769";"463";"2019-04-02";"12:44:16.000";"134";"73";"3.75";"Food";"AlmondCroissant";"4";"1";"IanDuncan";"2018-01-06";"M";"1973";"GenX";"N";"1";"1";"1.00";"3.75";"N";"1.00";"3.75";"6";"6.00";"22.50";" "
"1990";"1395";"2019-04-02";"12:46:04.000";"219";"46";"2.5";"Beverages";"SerenityGreenTeaRg";"3";"1";"WyattHuff";"2018-08-28";"M";"1987";"OlderMillennials";"Y";"2";"1";"2.00";"2.50";"Y";"2.00";"2.50";"4";"7.00";"10.00";" "
"2163";"2122";"2019-04-02";"13:39:28.000";"781";"39";"4.25";"Beverages";"LatteRg";"4";"0";"LukePatel";"2018-11-02";"N";"1991";"YoungerMillennials";"Y";"2";"1";"2.00";"4.25";"Y";"2.00";"4.25";"12";"17.00";"51.00";" "
"2277";"74";"2019-04-02";"14:48:02.000";"5853";"27";"3.5";"Beverages";"BrazilianLg";"4";"1";"Thor";"2017-12-29";"M";"1972";"GenX";"Y";"2";"1";"2.00";"3.50";"Y";"2.00";"3.50";"9";"16.00";"31.50";" "
"2501";"1204";"2019-04-02";"14:51:28.000";"5268";"51";"3";"Beverages";"EarlGreyLg";"3";"0";"Mercedes";"2019-01-25";"F";"1996";"GenZ";"N";"2";"1";"2.00";"3.00";"N";"2.00";"3.00";"6";"11.00";"18.00";" "
"2529";"1369";"2019-04-02";"8:30:20.000";"5691";"61";"4.75";"Beverages";"SustainablyGrownOrganicLg";"5";"1";"Gloria";"2017-03-07";"F";"1954";"BabyBoomers";"N";"2";"1";"2.00";"4.75";"N";"2.00";"4.75";"12";"17.45";"57.00";" "
"2640";"2055";"2019-04-02";"9:12:51.000";"5502";"59";"4.5";"Beverages";"DarkchocolateLg";"5";"1";"Chancellor";"2018-02-19";"M";"1975";"GenX";"Y";"2";"1";"2.00";"4.50";"Y";"2.00";"4.50";"10";"15.00";"45.00";" "
"2834";"531";"2019-04-02";"8:50:51.000";"8248";"51";"3";"Beverages";"EarlGreyLg";"3";"1";"Regan";"2017-11-23";"N";"1993";"YoungerMillennials";"Y";"2";"1";"2.00";"3.00";"Y";"2.00";"3.00";"6";"11.00";"18.00";" "
"2839";"562";"2019-04-02";"12:20:58.000";"8145";"72";"3.25";"Food";"GingerScone";"3";"1";"Beck";"2018-08-26";"M";"1951";"BabyBoomers";"Y";"1";"1";"1.00";"3.25";"Y";"1.00";"3.25";"4";"6.00";"11.80";" "
"2914";"919";"2019-04-02";"18:35:41.000";"8325";"28";"2";"Beverages";"ColumbianMediumRoastSm";"2";"1";"Guinevere";"2017-01-15";"F";"1969";"GenX";"N";"2";"1";"2.00";"2.00";"N";"2.00";"2.00";"11";"18.00";"22.00";" "
"2920";"958";"2019-04-02";"9:00:14.000";"8226";"39";"4.25";"Beverages";"LatteRg";"4";"0";"Kieran";"2018-04-06";"M";"1952";"BabyBoomers";"N";"1";"6";"1.84";"3.30";"Y";"11.00";"19.80";"12";"17.00";"51.00";" "
"2921";"962";"2019-04-02";"17:37:40.000";"8473";"42";"2.5";"Beverages";"LemonGrassRg";"3";"0";"Oprah";"2017-05-08";"F";"1970";"GenX";"N";"2";"1";"2.00";"2.50";"N";"2.00";"2.50";"10";"20.00";"25.00";" "
"3013";"1438";"2019-04-02";"16:38:00.000";"8489";"28";"2";"Beverages";"ColumbianMediumRoastSm";"2";"0";"Lacey";"2017-11-11";"F";"1954";"BabyBoomers";"N";"1";"1";"1.00";"2.00";"N";"1.00";"2.00";"11";"18.00";"22.00";" "
"3281";"2782";"2019-04-02";"8:04:06.000";"8478";"31";"2.2";"Beverages";"EthiopiaSm";"2";"0";"Shea";"2017-07-30";"F";"1971";"GenX";"N";"2";"1";"2.00";"2.20";"N";"2.00";"2.20";"9";"16.45";"19.80";" "
"3448";"615";"2019-04-03";"15:24:23.000";"80";"29";"2.5";"Beverages";"ColumbianMediumRoastRg";"3";"1";"BenjaminMcguire";"2017-08-10";"M";"1963";"BabyBoomers";"N";"1";"1";"1.00";"2.50";"N";"1.00";"2.50";"13";"19.00";"32.50";" "
"3450";"629";"2019-04-03";"13:37:34.000";"579";"39";"4.25";"Beverages";"LatteRg";"4";"1";"HyacinthGallagher";"2018-08-01";"F";"1985";"OlderMillennials";"N";"1";"1";"1.00";"4.25";"N";"1.00";"4.25";"12";"17.00";"51.00";" "
"3689";"1652";"2019-04-03";"14:44:03.000";"212";"56";"2.55";"Beverages";"SpicyEyeOpenerChaiRg";"3";"0";"CedricDuffy";"2018-08-09";"M";"1986";"OlderMillennials";"Y";"2";"1";"2.00";"2.55";"Y";"2.00";"2.55";"14";"21.45";"35.70";" "
"3791";"2053";"2019-04-03";"11:50:38.000";"58";"27";"3.5";"Beverages";"BrazilianLg";"4";"1";"AdrianCarson";"2017-06-10";"M";"1960";"BabyBoomers";"N";"2";"1";"2.00";"3.50";"N";"2.00";"3.50";"9";"16.00";"31.50";" "
"3816";"2173";"2019-04-03";"14:47:10.000";"102";"55";"4";"Beverages";"MorningSunriseChaiLg";"4";"0";"TyroneArmstrong";"2017-10-10";"M";"1967";"GenX";"Y";"1";"1";"1.00";"4.00";"Y";"1.00";"4.00";"15";"27.00";"60.00";" "
"3833";"2237";"2019-04-03";"15:38:02.000";"762";"34";"2.45";"Beverages";"JamaicanCoffeeRiverSm";"2";"0";"BrianJoseph";"2018-05-29";"N";"1981";"OlderMillennials";"N";"1";"1";"1.00";"2.45";"N";"1.00";"2.45";"13";"18.00";"31.85";" "
"4244";"1550";"2019-04-03";"9:54:43.000";"5358";"52";"2.5";"Beverages";"TraditionalBlendChaiRg";"3";"0";"Holly";"2017-09-25";"F";"1966";"GenX";"N";"1";"1";"1.00";"2.50";"N";"1.00";"2.50";"6";"8.00";"15.00";" "
"4261";"1632";"2019-04-03";"12:52:13.000";"5134";"54";"2.5";"Beverages";"MorningSunriseChaiRg";"3";"1";"Hamish";"2018-12-04";"M";"1993";"YoungerMillennials";"Y";"2";"1";"2.00";"2.50";"Y";"2.00";"2.50";"16";"24.00";"40.00";" "
"4325";"1977";"2019-04-03";"10:54:52.000";"5373";"29";"2.5";"Beverages";"ColumbianMediumRoastRg";"3";"0";"Fletcher";"2017-05-17";"M";"1958";"BabyBoomers";"N";"2";"1";"2.00";"2.50";"N";"2.00";"2.50";"13";"19.00";"32.50";" "
"4378";"2294";"2019-04-03";"13:56:40.000";"5501";"38";"3.75";"Beverages";"Latte";"4";"1";"Kyra";"2018-07-07";"F";"1984";"OlderMillennials";"N";"2";"1";"2.00";"3.75";"N";"2.00";"3.75";"8";"12.00";"30.00";" "
"4427";"2503";"2019-04-03";"14:04:19.000";"5826";"44";"2.5";"Beverages";"PeppermintRg";"3";"1";"Indigo";"2019-02-03";"F";"1997";"GenZ";"N";"2";"1";"2.00";"2.50";"N";"2.00";"2.50";"13";"21.45";"32.50";" "
"4646";"1141";"2019-04-03";"12:26:27.000";"8037";"36";"3.75";"Beverages";"JamaicanCoffeeRiverLg";"4";"0";"Holly";"2018-05-07";"F";"1967";"GenX";"Y";"1";"1";"1.00";"3.75";"Y";"1.00";"3.75";"12";"15.00";"45.00";" "
"4660";"1224";"2019-04-03";"16:50:27.000";"8241";"61";"4.75";"Beverages";"SustainablyGrownOrganicLg";"5";"1";"Chantale";"2017-04-04";"F";"2000";"GenZ";"N";"1";"1";"1.00";"4.75";"N";"1.00";"4.75";"12";"17.45";"57.00";" "
"4722";"1520";"2019-04-03";"19:49:19.000";"8347";"79";"3.75";"Food";"JumboSavoryScone";"4";"1";"Alana";"2017-10-26";"F";"1955";"BabyBoomers";"N";"1";"1";"1.45";"3.75";"N";"1.45";"3.75";"7";"7.45";"26.25";" "
"4766";"1726";"2019-04-03";"9:27:13.000";"8269";"50";"2.5";"Beverages";"EarlGreyRg";"3";"0";"Sheila";"2017-11-02";"F";"1961";"BabyBoomers";"N";"2";"1";"2.00";"2.50";"N";"2.00";"2.50";"15";"23.00";"37.50";" "
"4808";"1942";"2019-04-03";"11:46:27.000";"8052";"69";"3.25";"Food";"HazelnutBiscotti";"4";"0";"Orla";"2018-01-07";"N";"1996";"GenZ";"Y";"1";"1";"1.00";"3.25";"Y";"1.00";"3.25";"6";"6.00";"20.31";" "
"4909";"2447";"2019-04-03";"10:17:15.000";"8044";"75";"3.5";"Food";"Croissant";"3";"0";"Perry";"2018-05-18";"M";"1953";"BabyBoomers";"N";"1";"1";"1.00";"3.50";"N";"1.00";"3.50";"7";"7.45";"24.50";" "
"5005";"155";"2019-04-04";"15:46:37.000";"237";"30";"3";"Beverages";"ColumbianMediumRoastLg";"3";"1";"HarperShelton";"2018-10-17";"M";"1990";"YoungerMillennials";"N";"1";"1";"1.00";"3.00";"N";"1.00";"3.00";"8";"9.00";"24.00";" "
"5034";"283";"2019-04-04";"13:20:51.000";"247";"23";"2.5";"Beverages";"OurOldTimeDinerBlendRg";"3";"1";"CharlesCochran";"2018-11-13";"M";"1992";"YoungerMillennials";"Y";"2";"1";"2.00";"2.50";"Y";"2.00";"2.50";"8";"12.45";"20.00";" "
"5344";"1608";"2019-04-04";"12:46:05.000";"71";"51";"3";"Beverages";"EarlGreyLg";"3";"0";"HallPatel";"2017-07-16";"M";"1962";"BabyBoomers";"Y";"2";"1";"2.00";"3.00";"Y";"2.00";"3.00";"6";"11.00";"18.00";" "
"5417";"1928";"2019-04-04";"11:27:30.000";"338";"39";"4.25";"Beverages";"LatteRg";"4";"0";"LeslieAcevedo";"2017-03-21";"F";"1955";"BabyBoomers";"N";"2";"1";"2.00";"4.25";"N";"2.00";"4.25";"12";"17.00";"51.00";" "
"5435";"2000";"2019-04-04";"13:48:29.000";"758";"33";"3.5";"Beverages";"EthiopiaLg";"4";"0";"NathanielHorne";"2018-04-26";"N";"1979";"GenX";"Y";"2";"1";"2.00";"3.50";"Y";"2.00";"3.50";"10";"20.00";"35.00";" "
"5610";"218";"2019-04-04";"9:56:03.000";"5375";"26";"3";"Beverages";"BrazilianRg";"3";"0";"Xantha";"2017-12-03";"F";"1970";"GenX";"N";"2";"1";"2.00";"3.00";"N";"2.00";"3.00";"7";"10.00";"21.00";" "
"5624";"307";"2019-04-04";"11:24:21.000";"5402";"45";"3";"Beverages";"PeppermintLg";"3";"1";"Cade";"2018-01-19";"M";"1973";"GenX";"N";"2";"2";"1.50";"2.75";"N";"3.00";"5.50";"10";"18.00";"30.00";" "
"5734";"903";"2019-04-04";"10:35:45.000";"5596";"69";"3.25";"Food";"HazelnutBiscotti";"4";"0";"Linus";"2017-08-30";"N";"1986";"OlderMillennials";"N";"1";"3";"1.67";"3.15";"N";"5.00";"9.45";"6";"6.00";"20.31";" "
"5829";"1396";"2019-04-04";"15:30:27.000";"5054";"24";"3";"Beverages";"OurOldTimeDinerBlendLg";"3";"1";"Ulysses";"2018-11-14";"N";"1997";"GenZ";"N";"1";"1";"1.45";"3.00";"N";"1.45";"3.00";"12";"17.45";"36.00";" "
"6004";"2270";"2019-04-04";"14:33:02.000";"5355";"45";"3";"Beverages";"PeppermintLg";"3";"1";"Reece";"2018-11-21";"M";"1992";"YoungerMillennials";"N";"1";"1";"1.00";"3.00";"N";"1.00";"3.00";"10";"18.00";"30.00";" "
"6084";"168";"2019-04-04";"11:43:16.000";"8136";"60";"3.75";"Beverages";"SustainablyGrownOrganicRg";"4";"1";"Kyra";"2017-12-17";"F";"1993";"YoungerMillennials";"N";"2";"1";"2.00";"3.75";"N";"2.00";"3.75";"11";"15.45";"41.25";" "
"6212";"832";"2019-04-04";"16:48:17.000";"8092";"27";"3.5";"Beverages";"BrazilianLg";"4";"1";"Willow";"2018-01-23";"F";"1991";"YoungerMillennials";"N";"2";"7";"1.35";"3.15";"N";"9.45";"22.05";"9";"16.00";"31.50";" "
"6323";"1429";"2019-04-04";"10:05:01.000";"8213";"33";"3.5";"Beverages";"EthiopiaLg";"4";"1";"Kyle";"2019-04-06";"M";"1988";"OlderMillennials";"N";"2";"1";"2.00";"3.50";"N";"2.00";"3.50";"10";"20.00";"35.00";" "
"6412";"1926";"2019-04-04";"9:30:20.000";"8249";"60";"3.75";"Beverages";"SustainablyGrownOrganicRg";"4";"1";"Rhoda";"2019-02-25";"F";"1957";"BabyBoomers";"N";"1";"1";"1.00";"3.75";"N";"1.00";"3.75";"11";"15.45";"41.25";" "
"6457";"2226";"2019-04-04";"17:48:28.000";"8127";"50";"2.5";"Beverages";"EarlGreyRg";"3";"1";"Benjamin";"2017-02-08";"M";"1981";"OlderMillennials";"N";"1";"1";"1.00";"2.50";"N";"1.00";"2.50";"15";"23.00";"37.50";" "
"6584";"51";"2019-04-05";"13:58:31.000";"776";"29";"2.5";"Beverages";"ColumbianMediumRoastRg";"3";"0";"JoshuaPugh";"2018-09-22";"N";"1989";"OlderMillennials";"N";"1";"1";"1.00";"2.50";"N";"1.00";"2.50";"13";"19.00";"32.50";" "
"6672";"439";"2019-04-05";"11:43:12.000";"547";"60";"3.75";"Beverages";"SustainablyGrownOrganicRg";"4";"0";"OraShields";"2018-05-27";"F";"1981";"OlderMillennials";"N";"1";"10";"1.35";"3.28";"N";"13.45";"32.80";"11";"15.45";"41.25";" "
"6682";"512";"2019-04-05";"19:17:26.000";"345";"34";"2.45";"Beverages";"JamaicanCoffeeRiverSm";"2";"1";"BarbaraKnowles";"2017-04-05";"F";"1955";"BabyBoomers";"N";"1";"1";"1.00";"2.45";"N";"1.00";"2.45";"13";"18.00";"31.85";" "
"6723";"657";"2019-04-05";"18:06:48.000";"352";"24";"3";"Beverages";"OurOldTimeDinerBlendLg";"3";"1";"IlaGoodman";"2017-04-19";"F";"1956";"BabyBoomers";"Y";"1";"1";"1.00";"3.00";"Y";"1.00";"3.00";"12";"17.45";"36.00";" "
"6745";"720";"2019-04-05";"16:37:38.000";"234";"50";"2.5";"Beverages";"EarlGreyRg";"3";"1";"SamsonZamora";"2018-10-09";"M";"1990";"YoungerMillennials";"Y";"2";"1";"2.00";"2.50";"Y";"2.00";"2.50";"15";"23.00";"37.50";" "
"6847";"1228";"2019-04-05";"13:00:19.000";"135";"57";"3.1";"Beverages";"SpicyEyeOpenerChaiLg";"3";"0";"MatthewMcneil";"2018-01-09";"M";"1973";"GenX";"Y";"1";"1";"1.00";"3.10";"Y";"1.00";"3.10";"10";"14.00";"31.00";" "
"7000";"1832";"2019-04-05";"19:38:01.000";"381";"36";"3.75";"Beverages";"JamaicanCoffeeRiverLg";"4";"0";"CharityHarvey";"2017-06-18";"F";"1960";"BabyBoomers";"Y";"1";"1";"1.00";"3.75";"Y";"1.00";"3.75";"12";"15.00";"45.00";" "
"7033";"1995";"2019-04-05";"16:37:07.000";"84";"73";"3.75";"Food";"AlmondCroissant";"4";"0";"KareemSanchez";"2017-08-21";"M";"1964";"BabyBoomers";"N";"1";"1";"1.00";"3.75";"N";"1.00";"3.75";"6";"6.00";"22.50";" "
"7107";"2316";"2019-04-05";"17:25:41.000";"131";"29";"2.5";"Beverages";"ColumbianMediumRoastRg";"3";"0";"AmalDejesus";"2017-12-29";"M";"1972";"GenX";"N";"2";"1";"2.00";"2.50";"N";"2.00";"2.50";"13";"19.00";"32.50";" "
"7157";"2502";"2019-04-05";"16:05:14.000";"536";"32";"3";"Beverages";"EthiopiaRg";"3";"0";"LindaBarlow";"2018-05-04";"F";"1980";"OlderMillennials";"Y";"1";"1";"1.00";"3.00";"Y";"1.00";"3.00";"6";"8.00";"18.00";" "
"7238";"380";"2019-04-05";"8:59:07.000";"5039";"50";"2.5";"Beverages";"EarlGreyRg";"3";"0";"Buckminster";"2018-03-05";"M";"1976";"GenX";"Y";"2";"1";"2.00";"2.50";"Y";"2.00";"2.50";"15";"23.00";"37.50";" "
"7481";"1474";"2019-04-05";"15:58:05.000";"5459";"33";"3.5";"Beverages";"EthiopiaLg";"4";"0";"Medge";"2017-07-23";"F";"1962";"BabyBoomers";"Y";"2";"1";"2.00";"3.50";"Y";"2.00";"3.50";"10";"20.00";"35.00";" "
"7486";"1513";"2019-04-05";"10:02:56.000";"5180";"44";"2.5";"Beverages";"PeppermintRg";"3";"0";"Baker";"2018-11-19";"N";"1997";"GenZ";"N";"2";"1";"2.00";"2.50";"N";"2.00";"2.50";"13";"21.45";"32.50";" "
"7527";"1742";"2019-04-05";"14:52:43.000";"5519";"50";"2.5";"Beverages";"EarlGreyRg";"3";"0";"Orlando";"2018-03-16";"N";"1991";"YoungerMillennials";"Y";"1";"1";"1.00";"2.50";"Y";"1.00";"2.50";"15";"23.00";"37.50";" "
"7568";"1873";"2019-04-05";"10:02:13.000";"5699";"77";"3";"Food";"OatmealScone";"3";"0";"Marny";"2017-12-28";"F";"1972";"GenX";"Y";"1";"1";"1.00";"3.00";"Y";"1.00";"3.00";"12";"12.00";"36.00";" "
"7778";"487";"2019-04-05";"10:31:18.000";"8415";"45";"3";"Beverages";"PeppermintLg";"3";"0";"Cameron";"2019-02-06";"M";"1997";"GenZ";"N";"2";"1";"2.00";"3.00";"N";"2.00";"3.00";"10";"18.00";"30.00";" "
"7783";"506";"2019-04-05";"17:07:21.000";"8345";"46";"2.5";"Beverages";"SerenityGreenTeaRg";"3";"0";"Shannon";"2017-01-12";"F";"1988";"OlderMillennials";"N";"1";"1";"1.00";"2.50";"N";"1.00";"2.50";"4";"7.00";"10.00";" "
"8001";"1703";"2019-04-05";"11:45:10.000";"8256";"59";"4.5";"Beverages";"DarkchocolateLg";"5";"0";"Cruz";"2018-08-16";"M";"1996";"GenZ";"Y";"2";"2";"2.00";"3.50";"Y";"4.00";"7.00";"10";"15.00";"45.00";" "
"8025";"1837";"2019-04-05";"13:26:57.000";"8164";"71";"3.75";"Food";"ChocolateCroissant";"4";"0";"Cameron";"2019-03-20";"M";"1977";"GenX";"Y";"1";"1";"1.00";"3.75";"Y";"1.00";"3.75";"10";"10.00";"37.50";" "
"8336";"114";"2019-04-06";"11:56:12.000";"666";"39";"4.25";"Beverages";"LatteRg";"4";"0";"KarlyWilliams";"2019-01-28";"F";"1996";"GenZ";"N";"1";"1";"1.00";"4.25";"N";"1.00";"4.25";"12";"17.00";"51.00";" "
"8555";"283";"2019-04-06";"16:29:25.000";"531";"48";"2.5";"Beverages";"EnglishBreakfastRg";"3";"0";"HadassahReyes";"2018-04-24";"F";"1979";"GenX";"N";"1";"1";"1.45";"2.50";"N";"1.45";"2.50";"8";"12.45";"20.00";" "
"8641";"355";"2019-04-06";"17:00:54.000";"425";"71";"3.75";"Food";"ChocolateCroissant";"4";"1";"SavannahBean";"2017-09-17";"F";"1966";"GenX";"Y";"1";"1";"1.00";"3.75";"Y";"1.00";"3.75";"10";"10.00";"37.50";" "
"8803";"881";"2019-04-06";"11:13:05.000";"5640";"42";"2.5";"Beverages";"LemonGrassRg";"3";"1";"Victoria";"2017-08-11";"N";"1985";"OlderMillennials";"N";"2";"1";"2.00";"2.50";"N";"2.00";"2.50";"10";"20.00";"25.00";" "
"8861";"1162";"2019-04-06";"15:12:10.000";"5858";"30";"3";"Beverages";"ColumbianMediumRoastLg";"3";"0";"Macaulay";"2018-06-07";"N";"1993";"YoungerMillennials";"Y";"1";"1";"1.00";"3.00";"Y";"1.00";"3.00";"8";"9.00";"24.00";" "
"9062";"2118";"2019-04-06";"14:54:57.000";"5110";"49";"3";"Beverages";"EnglishBreakfastLg";"3";"0";"Ursula";"2018-12-01";"N";"1997";"GenZ";"Y";"2";"2";"1.50";"3.00";"N";"3.00";"6.00";"12";"16.00";"36.00";" "
"9070";"2164";"2019-04-06";"10:53:46.000";"5022";"53";"3";"Beverages";"TraditionalBlendChaiLg";"3";"1";"Galena";"2017-09-09";"N";"1986";"OlderMillennials";"Y";"2";"1";"2.00";"3.00";"Y";"2.00";"3.00";"11";"17.00";"33.00";" "
"9109";"2350";"2019-04-06";"18:19:25.000";"5642";"41";"4.25";"Beverages";"CappuccinoLg";"4";"0";"Hanae";"2018-06-28";"F";"1983";"OlderMillennials";"Y";"1";"1";"1.45";"4.25";"Y";"1.45";"4.25";"9";"12.90";"38.25";" "
"9178";"182";"2019-04-06";"13:28:17.000";"8442";"70";"3.25";"Food";"CranberryScone";"3";"0";"Alec";"2017-01-13";"M";"1988";"OlderMillennials";"Y";"1";"1";"1.00";"3.25";"Y";"1.00";"3.25";"5";"5.00";"16.25";" "
"9202";"323";"2019-04-06";"9:20:37.000";"8311";"49";"3";"Beverages";"EnglishBreakfastLg";"3";"1";"Hanna";"2017-03-27";"F";"1967";"GenX";"N";"1";"8";"1.56";"3.42";"Y";"12.45";"27.35";"12";"16.00";"36.00";" "
"9546";"2246";"2019-04-06";"9:13:23.000";"8039";"31";"2.2";"Beverages";"EthiopiaSm";"2";"0";"Leonard";"2017-06-26";"M";"1963";"BabyBoomers";"Y";"1";"1";"1.00";"2.20";"Y";"1.00";"2.20";"9";"16.45";"19.80";" "
"9681";"11";"2019-04-07";"9:55:28.000";"589";"57";"3.1";"Beverages";"SpicyEyeOpenerChaiLg";"3";"0";"DorothyCortez";"2018-08-22";"F";"1987";"OlderMillennials";"N";"1";"1";"1.00";"3.10";"N";"1.00";"3.10";"10";"14.00";"31.00";" "
"9695";"23";"2019-04-07";"9:24:16.000";"486";"27";"3.5";"Beverages";"BrazilianLg";"4";"1";"EleanorStephens";"2018-01-21";"F";"1973";"GenX";"N";"2";"1";"2.00";"3.50";"N";"2.00";"3.50";"9";"16.00";"31.50";" "
"9750";"67";"2019-04-07";"11:17:49.000";"209";"53";"3";"Beverages";"TraditionalBlendChaiLg";"3";"1";"GageRobinson";"2018-08-01";"M";"1985";"OlderMillennials";"Y";"2";"1";"2.00";"3.00";"Y";"2.00";"3.00";"11";"17.00";"33.00";" "
"9953";"243";"2019-04-07";"19:30:18.000";"661";"33";"3.5";"Beverages";"EthiopiaLg";"4";"1";"BeatriceGutierrez";"2019-01-18";"F";"1996";"GenZ";"Y";"2";"2";"2.00";"2.15";"Y";"4.00";"4.30";"10";"20.00";"35.00";" "
"10198";"7";"2019-04-07";"8:35:35.000";"661";"84";"0.8";"Add-ons";"Chocolatesyrup";"1";"0";"BeatriceGutierrez";"2019-01-18";"F";"1996";"GenZ";"Y";"2";"2";"2.00";"2.15";"Y";"4.00";"4.30";"10";"17.00";"8.00";" "
"10264";"54";"2019-04-07";"9:04:03.000";"5844";"24";"3";"Beverages";"OurOldTimeDinerBlendLg";"3";"1";"Felicia";"2019-03-11";"N";"2000";"GenZ";"N";"2";"1";"2.00";"3.00";"N";"2.00";"3.00";"12";"17.45";"36.00";" "
"10306";"87";"2019-04-07";"10:43:54.000";"5017";"38";"3.75";"Beverages";"Latte";"4";"0";"Clio";"2019-01-25";"N";"1999";"GenZ";"Y";"2";"1";"2.00";"3.75";"Y";"2.00";"3.75";"8";"12.00";"30.00";" "
"10494";"220";"2019-04-07";"8:33:30.000";"5402";"42";"2.5";"Beverages";"LemonGrassRg";"3";"0";"Cade";"2018-01-19";"M";"1973";"GenX";"Y";"1";"2";"1.50";"2.75";"N";"3.00";"5.50";"10";"20.00";"25.00";" "
"10519";"236";"2019-04-07";"9:57:26.000";"5655";"61";"4.75";"Beverages";"SustainablyGrownOrganicLg";"5";"0";"Cadman";"2018-06-15";"N";"1993";"YoungerMillennials";"N";"1";"3";"1.34";"3.62";"N";"4.00";"10.85";"12";"17.45";"57.00";" "
"10537";"250";"2019-04-07";"2:48:59.000";"5655";"24";"3";"Beverages";"OurOldTimeDinerBlendLg";"3";"0";"Cadman";"2018-06-15";"N";"1993";"YoungerMillennials";"Y";"1";"3";"1.34";"3.62";"N";"4.00";"10.85";"12";"17.45";"36.00";" "
"10876";"144";"2019-04-07";"9:28:13.000";"5655";"57";"3.1";"Beverages";"SpicyEyeOpenerChaiLg";"3";"1";"Cadman";"2018-06-15";"N";"1993";"YoungerMillennials";"N";"2";"3";"1.34";"3.62";"N";"4.00";"10.85";"10";"14.00";"31.00";" "
"10906";"165";"2019-04-07";"11:23:45.000";"8166";"63";"0.8";"Add-ons";"Carmelsyrup";"1";"0";"Aristotle";"2018-06-06";"M";"1992";"YoungerMillennials";"Y";"2";"4";"1.25";"2.39";"N";"5.00";"9.55";"10";"16.00";"8.00";" "
"11167";"357";"2019-04-07";"17:12:50.000";"8166";"47";"3";"Beverages";"SerenityGreenTeaLg";"3";"0";"Aristotle";"2018-06-06";"M";"1992";"YoungerMillennials";"N";"1";"4";"1.25";"2.39";"N";"5.00";"9.55";"3";"4.00";"9.00";" "
"11261";"433";"2019-04-07";"17:21:33.000";"8166";"50";"2.5";"Beverages";"EarlGreyRg";"3";"0";"Aristotle";"2018-06-06";"M";"1992";"YoungerMillennials";"N";"1";"4";"1.25";"2.39";"N";"5.00";"9.55";"15";"23.00";"37.50";" "
"11288";"457";"2019-04-07";"14:32:13.000";"8166";"69";"3.25";"Food";"HazelnutBiscotti";"4";"0";"Aristotle";"2018-06-06";"M";"1992";"YoungerMillennials";"N";"1";"4";"1.25";"2.39";"N";"5.00";"9.55";"6";"6.00";"20.31";" "
"11528";"115";"2019-04-08";"10:48:45.000";"469";"54";"2.5";"Beverages";"MorningSunriseChaiRg";"3";"1";"DaceyDonaldson";"2017-12-17";"F";"1971";"GenX";"Y";"1";"2";"1.00";"2.75";"N";"2.00";"5.50";"16";"24.00";"40.00";" "
"11533";"120";"2019-04-08";"18:42:57.000";"469";"43";"3";"Beverages";"LemonGrassLg";"3";"0";"DaceyDonaldson";"2017-12-17";"F";"1971";"GenX";"N";"1";"2";"1.00";"2.75";"N";"2.00";"5.50";"6";"9.45";"18.00";" "
"11715";"254";"2019-04-08";"19:47:25.000";"213";"32";"3";"Beverages";"EthiopiaRg";"3";"0";"TalonElliott";"2018-08-12";"M";"1986";"OlderMillennials";"N";"1";"1";"1.00";"3.00";"N";"1.00";"3.00";"6";"8.00";"18.00";" "
"11750";"284";"2019-04-08";"15:28:40.000";"61";"61";"4.75";"Beverages";"SustainablyGrownOrganicLg";"5";"1";"TateSolis";"2017-06-19";"M";"1960";"BabyBoomers";"N";"2";"4";"1.25";"3.63";"N";"5.00";"14.50";"12";"17.45";"57.00";" "
"11829";"350";"2019-04-08";"11:11:04.000";"61";"39";"4.25";"Beverages";"LatteRg";"4";"0";"TateSolis";"2017-06-19";"M";"1960";"BabyBoomers";"N";"1";"4";"1.25";"3.63";"N";"5.00";"14.50";"12";"17.00";"51.00";" "
"11834";"354";"2019-04-08";"17:52:05.000";"61";"29";"2.5";"Beverages";"ColumbianMediumRoastRg";"3";"0";"TateSolis";"2017-06-19";"M";"1960";"BabyBoomers";"N";"1";"4";"1.25";"3.63";"N";"5.00";"14.50";"13";"19.00";"32.50";" "
"11868";"377";"2019-04-08";"18:31:48.000";"61";"24";"3";"Beverages";"OurOldTimeDinerBlendLg";"3";"1";"TateSolis";"2017-06-19";"M";"1960";"BabyBoomers";"Y";"1";"4";"1.25";"3.63";"N";"5.00";"14.50";"12";"17.45";"36.00";" "
"11900";"399";"2019-04-08";"14:19:17.000";"697";"61";"4.75";"Beverages";"SustainablyGrownOrganicLg";"5";"0";"JaymeKing";"2019-04-02";"F";"2000";"GenZ";"N";"1";"2";"1.00";"4.25";"N";"2.00";"8.50";"12";"17.45";"57.00";" "
"11930";"423";"2019-04-08";"13:25:23.000";"697";"36";"3.75";"Beverages";"JamaicanCoffeeRiverLg";"4";"0";"JaymeKing";"2019-04-02";"F";"2000";"GenZ";"Y";"1";"2";"1.00";"4.25";"N";"2.00";"8.50";"12";"15.00";"45.00";" "
"11959";"448";"2019-04-08";"14:55:20.000";"184";"30";"3";"Beverages";"ColumbianMediumRoastLg";"3";"0";"XenosShepard";"2018-05-24";"M";"1981";"OlderMillennials";"N";"1";"1";"1.00";"3.00";"N";"1.00";"3.00";"8";"9.00";"24.00";" "
"11986";"12";"2019-04-08";"10:37:59.000";"5264";"49";"3";"Beverages";"EnglishBreakfastLg";"3";"1";"Marny";"2017-01-15";"F";"1951";"BabyBoomers";"Y";"1";"1";"1.00";"3.00";"Y";"1.00";"3.00";"12";"16.00";"36.00";" "
"12215";"172";"2019-04-08";"7:47:10.000";"5480";"71";"3.75";"Food";"ChocolateCroissant";"4";"1";"Desiree";"2017-04-24";"F";"1957";"BabyBoomers";"N";"1";"1";"1.00";"3.75";"N";"1.00";"3.75";"10";"10.00";"37.50";" "
"12374";"290";"2019-04-08";"12:54:59.000";"5302";"35";"3.1";"Beverages";"JamaicanCoffeeRiverRg";"3";"1";"Kermit";"2017-01-19";"M";"1951";"BabyBoomers";"Y";"2";"1";"2.00";"3.10";"Y";"2.00";"3.10";"9";"15.00";"27.90";" "
"12430";"337";"2019-04-08";"12:25:55.000";"5746";"54";"2.5";"Beverages";"MorningSunriseChaiRg";"3";"1";"Sage";"2017-07-25";"N";"1985";"OlderMillennials";"N";"2";"3";"1.67";"2.35";"Y";"5.00";"7.05";"16";"24.00";"40.00";" "
"12453";"356";"2019-04-08";"11:49:26.000";"5746";"64";"0.8";"Add-ons";"Hazelnutsyrup";"1";"0";"Sage";"2017-07-25";"N";"1985";"OlderMillennials";"Y";"2";"3";"1.67";"2.35";"Y";"5.00";"7.05";"2";"3.00";"1.60";" "
"12484";"382";"2019-04-08";"19:01:51.000";"5746";"60";"3.75";"Beverages";"SustainablyGrownOrganicRg";"4";"1";"Sage";"2017-07-25";"N";"1985";"OlderMillennials";"Y";"1";"3";"1.67";"2.35";"Y";"5.00";"7.05";"11";"15.45";"41.25";" "
"12540";"429";"2019-04-08";"13:07:18.000";"5106";"23";"2.5";"Beverages";"OurOldTimeDinerBlendRg";"3";"0";"Janna";"2019-01-11";"F";"1995";"GenZ";"N";"1";"2";"1.00";"2.75";"N";"2.00";"5.50";"8";"12.45";"20.00";" "
"12655";"63";"2019-04-08";"10:12:05.000";"5106";"37";"3";"Beverages";"Espressoshot";"3";"1";"Janna";"2019-01-11";"F";"1995";"GenZ";"Y";"1";"2";"1.00";"2.75";"N";"2.00";"5.50";"6";"7.00";"18.00";" "
"12705";"101";"2019-04-08";"9:01:29.000";"8330";"22";"2";"Beverages";"OurOldTimeDinerBlendSm";"2";"1";"Garrett";"2017-06-18";"M";"1960";"BabyBoomers";"Y";"1";"4";"1.25";"2.87";"N";"5.00";"11.45";"7";"10.00";"14.00";" "
"12716";"110";"2019-04-08";"8:39:42.000";"8330";"53";"3";"Beverages";"TraditionalBlendChaiLg";"3";"1";"Garrett";"2017-06-18";"M";"1960";"BabyBoomers";"Y";"1";"4";"1.25";"2.87";"N";"5.00";"11.45";"11";"17.00";"33.00";" "
"12761";"141";"2019-04-08";"10:59:01.000";"8330";"34";"2.45";"Beverages";"JamaicanCoffeeRiverSm";"2";"0";"Garrett";"2017-06-18";"M";"1960";"BabyBoomers";"N";"1";"4";"1.25";"2.87";"N";"5.00";"11.45";"13";"18.00";"31.85";" "
"12991";"316";"2019-04-08";"17:44:15.000";"8330";"55";"4";"Beverages";"MorningSunriseChaiLg";"4";"1";"Garrett";"2017-06-18";"M";"1960";"BabyBoomers";"N";"2";"4";"1.25";"2.87";"N";"5.00";"11.45";"15";"27.00";"60.00";" "
"13201";"476";"2019-04-08";"12:19:01.000";"8151";"56";"2.55";"Beverages";"SpicyEyeOpenerChaiRg";"3";"0";"Burke";"2017-11-22";"M";"1963";"BabyBoomers";"N";"1";"1";"1.00";"2.55";"N";"1.00";"2.55";"14";"21.45";"35.70";" "
"13257";"36";"2019-04-09";"9:33:16.000";"711";"25";"2.2";"Beverages";"BrazilianSm";"2";"0";"ErichHodge";"2017-04-02";"N";"1955";"BabyBoomers";"Y";"1";"4";"1.00";"7.37";"N";"4.00";"29.45";"6";"11.00";"13.20";" "
"13323";"85";"2019-04-09";"9:35:05.000";"711";"71";"3.75";"Food";"ChocolateCroissant";"4";"1";"ErichHodge";"2017-04-02";"N";"1955";"BabyBoomers";"N";"1";"4";"1.00";"7.37";"N";"4.00";"29.45";"10";"10.00";"37.50";" "
"13447";"183";"2019-04-09";"9:37:29.000";"711";"54";"2.5";"Beverages";"MorningSunriseChaiRg";"3";"1";"ErichHodge";"2017-04-02";"N";"1955";"BabyBoomers";"Y";"1";"4";"1.00";"7.37";"N";"4.00";"29.45";"16";"24.00";"40.00";" "
"13450";"184";"2019-04-09";"8:54:33.000";"368";"77";"3";"Food";"OatmealScone";"3";"0";"KyraHampton";"2017-05-22";"F";"1958";"BabyBoomers";"N";"1";"2";"1.00";"2.73";"N";"2.00";"5.45";"12";"12.00";"36.00";" "
"13636";"319";"2019-04-09";"14:02:43.000";"368";"34";"2.45";"Beverages";"JamaicanCoffeeRiverSm";"2";"1";"KyraHampton";"2017-05-22";"F";"1958";"BabyBoomers";"Y";"1";"2";"1.00";"2.73";"N";"2.00";"5.45";"13";"18.00";"31.85";" "
"13795";"54";"2019-04-09";"10:50:10.000";"5100";"28";"2";"Beverages";"ColumbianMediumRoastSm";"2";"0";"Barclay";"2017-12-22";"M";"1972";"GenX";"Y";"2";"7";"1.15";"3.00";"Y";"8.00";"20.95";"11";"18.00";"22.00";" "
"13918";"150";"2019-04-09";"10:24:08.000";"5219";"50";"2.5";"Beverages";"EarlGreyRg";"3";"1";"Ariana";"2017-07-07";"F";"1961";"BabyBoomers";"Y";"2";"7";"1.29";"2.68";"Y";"9.00";"18.76";"15";"23.00";"37.50";" "
"14047";"251";"2019-04-09";"9:38:20.000";"5219";"69";"4.06";"Food";"HazelnutBiscotti";"4";"0";"Ariana";"2017-07-07";"F";"1961";"BabyBoomers";"Y";"1";"7";"1.29";"2.68";"Y";"9.00";"18.76";"6";"6.00";"20.31";" "
"14404";"96";"2019-04-09";"10:40:36.000";"5219";"56";"2.55";"Beverages";"SpicyEyeOpenerChaiRg";"3";"1";"Ariana";"2017-07-07";"F";"1961";"BabyBoomers";"Y";"1";"7";"1.29";"2.68";"Y";"9.00";"18.76";"14";"21.45";"35.70";" "
"14427";"113";"2019-04-09";"10:08:26.000";"5219";"63";"0.8";"Add-ons";"Carmelsyrup";"1";"1";"Ariana";"2017-07-07";"F";"1961";"BabyBoomers";"Y";"2";"7";"1.29";"2.68";"Y";"9.00";"18.76";"10";"16.00";"8.00";" "
"14544";"199";"2019-04-09";"7:37:43.000";"5219";"35";"3.1";"Beverages";"JamaicanCoffeeRiverRg";"3";"1";"Ariana";"2017-07-07";"F";"1961";"BabyBoomers";"Y";"1";"7";"1.29";"2.68";"Y";"9.00";"18.76";"9";"15.00";"27.90";" "
"14554";"206";"2019-04-09";"7:19:45.000";"5219";"71";"3.75";"Food";"ChocolateCroissant";"4";"0";"Ariana";"2017-07-07";"F";"1961";"BabyBoomers";"Y";"1";"7";"1.29";"2.68";"Y";"9.00";"18.76";"10";"10.00";"37.50";" "
"14581";"224";"2019-04-09";"9:26:29.000";"5219";"28";"2";"Beverages";"ColumbianMediumRoastSm";"2";"1";"Ariana";"2017-07-07";"F";"1961";"BabyBoomers";"Y";"1";"7";"1.29";"2.68";"Y";"9.00";"18.76";"11";"18.00";"22.00";" "
"14609";"246";"2019-04-09";"11:06:01.000";"8147";"29";"2.5";"Beverages";"ColumbianMediumRoastRg";"3";"1";"Bianca";"2018-04-17";"N";"1995";"GenZ";"N";"2";"1";"2.00";"2.50";"N";"2.00";"2.50";"13";"19.00";"32.50";" "
"14645";"273";"2019-04-09";"10:16:43.000";"8284";"39";"4.25";"Beverages";"LatteRg";"4";"0";"Kato";"2018-08-20";"M";"1970";"GenX";"Y";"2";"1";"2.00";"4.25";"Y";"2.00";"4.25";"12";"17.00";"51.00";" "
"14881";"438";"2019-04-09";"14:41:40.000";"8495";"77";"3";"Food";"OatmealScone";"3";"0";"Avram";"2017-01-04";"M";"1952";"BabyBoomers";"N";"1";"4";"1.25";"3.32";"N";"5.00";"13.25";"12";"12.00";"36.00";" "
"14983";"15";"2019-04-10";"10:34:51.000";"8495";"27";"3.5";"Beverages";"BrazilianLg";"4";"1";"Avram";"2017-01-04";"M";"1952";"BabyBoomers";"N";"1";"4";"1.25";"3.32";"N";"5.00";"13.25";"9";"16.00";"31.50";" "
"15300";"252";"2019-04-10";"8:40:13.000";"8495";"45";"3";"Beverages";"PeppermintLg";"3";"0";"Avram";"2017-01-04";"M";"1952";"BabyBoomers";"Y";"2";"4";"1.25";"3.32";"N";"5.00";"13.25";"10";"18.00";"30.00";" "
"15506";"403";"2019-04-10";"17:45:53.000";"74";"48";"2.5";"Beverages";"EnglishBreakfastRg";"3";"1";"ConanGlenn";"2017-07-24";"M";"1962";"BabyBoomers";"N";"2";"3";"2.00";"2.44";"N";"6.00";"7.30";"8";"12.45";"20.00";" "
"15518";"412";"2019-04-10";"14:35:12.000";"74";"84";"0.8";"Add-ons";"Chocolatesyrup";"1";"1";"ConanGlenn";"2017-07-24";"M";"1962";"BabyBoomers";"Y";"2";"3";"2.00";"2.44";"N";"6.00";"7.30";"10";"17.00";"8.00";" "
"15521";"415";"2019-04-10";"19:00:31.000";"74";"55";"4";"Beverages";"MorningSunriseChaiLg";"4";"1";"ConanGlenn";"2017-07-24";"M";"1962";"BabyBoomers";"N";"2";"3";"2.00";"2.44";"N";"6.00";"7.30";"15";"27.00";"60.00";" "
"15589";"49";"2019-04-10";"8:27:22.000";"5670";"77";"3";"Food";"OatmealScone";"3";"0";"Isaac";"2018-11-02";"N";"1997";"GenZ";"Y";"1";"1";"1.00";"3.00";"Y";"1.00";"3.00";"12";"12.00";"36.00";" "
"15661";"97";"2019-04-10";"8:47:47.000";"5269";"34";"2.45";"Beverages";"JamaicanCoffeeRiverSm";"2";"0";"Raja";"2018-03-18";"N";"1991";"YoungerMillennials";"Y";"1";"2";"1.00";"2.85";"N";"2.00";"5.70";"13";"18.00";"31.85";" "
"15959";"322";"2019-04-10";"14:58:33.000";"5269";"69";"3.25";"Food";"HazelnutBiscotti";"4";"1";"Raja";"2018-03-18";"N";"1991";"YoungerMillennials";"N";"1";"2";"1.00";"2.85";"N";"2.00";"5.70";"6";"6.00";"20.31";" "
"15986";"341";"2019-04-10";"11:16:37.000";"5646";"36";"3.75";"Beverages";"JamaicanCoffeeRiverLg";"4";"1";"Chadwick";"2018-10-03";"M";"1989";"OlderMillennials";"Y";"2";"4";"2.00";"3.19";"N";"8.00";"12.75";"12";"15.00";"45.00";" "
"16134";"22";"2019-04-10";"7:26:13.000";"5646";"52";"2.5";"Beverages";"TraditionalBlendChaiRg";"3";"0";"Chadwick";"2018-10-03";"M";"1989";"OlderMillennials";"Y";"1";"4";"2.00";"3.19";"N";"8.00";"12.75";"6";"8.00";"15.00";" "
"16140";"26";"2019-04-10";"6:31:54.000";"5646";"55";"4";"Beverages";"MorningSunriseChaiLg";"4";"1";"Chadwick";"2018-10-03";"M";"1989";"OlderMillennials";"N";"2";"4";"2.00";"3.19";"N";"8.00";"12.75";"15";"27.00";"60.00";" "
"16311";"151";"2019-04-10";"7:55:00.000";"8247";"54";"2.5";"Beverages";"MorningSunriseChaiRg";"3";"0";"Natalie";"2018-02-23";"F";"1954";"BabyBoomers";"Y";"2";"2";"1.50";"3.13";"Y";"3.00";"6.25";"16";"24.00";"40.00";" "
"16423";"238";"2019-04-10";"6:54:25.000";"8247";"79";"3.75";"Food";"JumboSavoryScone";"4";"1";"Natalie";"2018-02-23";"F";"1954";"BabyBoomers";"Y";"1";"2";"1.50";"3.13";"Y";"3.00";"6.25";"7";"7.45";"26.25";" "
"16426";"241";"2019-04-10";"7:50:34.000";"8310";"33";"3.5";"Beverages";"EthiopiaLg";"4";"1";"Eagan";"2017-10-09";"M";"1984";"OlderMillennials";"N";"2";"2";"2.00";"3.75";"N";"4.00";"7.50";"10";"20.00";"35.00";" "
"16458";"261";"2019-04-10";"8:23:42.000";"8310";"55";"4";"Beverages";"MorningSunriseChaiLg";"4";"0";"Eagan";"2017-10-09";"M";"1984";"OlderMillennials";"N";"2";"2";"2.00";"3.75";"N";"4.00";"7.50";"15";"27.00";"60.00";" "
"16514";"300";"2019-04-10";"7:00:48.000";"8395";"38";"3.75";"Beverages";"Latte";"4";"1";"Allen";"2018-08-30";"N";"1999";"GenZ";"Y";"1";"4";"1.50";"3.14";"Y";"6.00";"12.55";"8";"12.00";"30.00";" "
"16525";"306";"2019-04-10";"10:05:15.000";"8395";"84";"0.8";"Add-ons";"Chocolatesyrup";"1";"0";"Allen";"2018-08-30";"N";"1999";"GenZ";"Y";"2";"4";"1.50";"3.14";"Y";"6.00";"12.55";"10";"17.00";"8.00";" "
"16693";"431";"2019-04-10";"18:30:17.000";"8395";"27";"3.5";"Beverages";"BrazilianLg";"4";"1";"Allen";"2018-08-30";"N";"1999";"GenZ";"Y";"2";"4";"1.50";"3.14";"Y";"6.00";"12.55";"9";"16.00";"31.50";" "
"17031";"213";"2019-04-11";"7:30:04.000";"8395";"59";"4.5";"Beverages";"DarkchocolateLg";"5";"1";"Allen";"2018-08-30";"N";"1999";"GenZ";"N";"1";"4";"1.50";"3.14";"Y";"6.00";"12.55";"10";"15.00";"45.00";" "
"17039";"220";"2019-04-11";"8:18:37.000";"192";"47";"3";"Beverages";"SerenityGreenTeaLg";"3";"1";"ConnorPacheco";"2018-06-15";"M";"1982";"OlderMillennials";"N";"2";"2";"1.50";"3.00";"N";"3.00";"6.00";"3";"4.00";"9.00";" "
"17251";"379";"2019-04-11";"18:26:20.000";"192";"49";"3";"Beverages";"EnglishBreakfastLg";"3";"1";"ConnorPacheco";"2018-06-15";"M";"1982";"OlderMillennials";"N";"1";"2";"1.50";"3.00";"N";"3.00";"6.00";"12";"16.00";"36.00";" "
"17348";"59";"2019-04-11";"7:19:47.000";"5611";"22";"2";"Beverages";"OurOldTimeDinerBlendSm";"2";"0";"Georgia";"2017-05-12";"F";"1958";"BabyBoomers";"Y";"2";"1";"2.00";"2.00";"Y";"2.00";"2.00";"7";"10.00";"14.00";" "
"17408";"105";"2019-04-11";"9:53:53.000";"5352";"44";"2.5";"Beverages";"PeppermintRg";"3";"1";"Vielka";"2019-01-29";"N";"1999";"GenZ";"N";"1";"1";"1.00";"2.50";"N";"1.00";"2.50";"13";"21.45";"32.50";" "
"17608";"255";"2019-04-11";"10:06:57.000";"5630";"59";"4.5";"Beverages";"DarkchocolateLg";"5";"0";"Holly";"2017-08-24";"F";"1964";"BabyBoomers";"N";"1";"1";"1.00";"4.50";"N";"1.00";"4.50";"10";"15.00";"45.00";" "
"17714";"330";"2019-04-11";"12:02:37.000";"5153";"52";"2.5";"Beverages";"TraditionalBlendChaiRg";"3";"1";"Dominique";"2017-02-23";"F";"1953";"BabyBoomers";"Y";"2";"2";"1.50";"5.73";"N";"3.00";"11.45";"6";"8.00";"15.00";" "
"17771";"371";"2019-04-11";"15:42:11.000";"5153";"16";"8.95";"WholeBea";"TraditionalBlendChai";"9";"0";"Dominique";"2017-02-23";"F";"1953";"BabyBoomers";"N";"1";"2";"1.50";"5.73";"N";"3.00";"11.45";"2";"2.00";"17.90";" "
"17890";"24";"2019-04-11";"9:18:05.000";"8365";"60";"3.75";"Beverages";"SustainablyGrownOrganicRg";"4";"0";"Flynn";"2018-06-26";"M";"1972";"GenX";"N";"2";"1";"2.00";"3.75";"N";"2.00";"3.75";"11";"15.45";"41.25";" "
"17900";"31";"2019-04-11";"8:11:20.000";"8069";"78";"4.5";"Food";"ScottishCreamScone";"5";"0";"Brittany";"2018-09-25";"F";"1967";"GenX";"Y";"1";"2";"1.00";"4.13";"N";"2.00";"8.25";"4";"4.00";"18.00";" "
"18163";"207";"2019-04-11";"11:05:06.000";"8069";"71";"3.75";"Food";"ChocolateCroissant";"4";"1";"Dominique";"2017-02-23";"F";"1953";"BabyBoomers";"N";"1";"2";"1.00";"4.13";"N";"2.00";"8.25";"10";"10.00";"37.50";" "
"18164";"208";"2019-04-11";"6:47:45.000";"8495";"71";"3.75";"Food";"ChocolateCroissant";"4";"1";"Avram";"2017-01-04";"M";"1952";"BabyBoomers";"N";"1";"4";"1.25";"3.32";"N";"5.00";"13.25";"10";"10.00";"37.50";" "
"18179";"220";"2019-04-11";"10:39:42.000";"8202";"34";"2.45";"Beverages";"JamaicanCoffeeRiverSm";"2";"1";"Judah";"2018-11-09";"M";"1950";"BabyBoomers";"N";"2";"2";"1.50";"3.10";"N";"3.00";"6.20";"13";"18.00";"31.85";" "
"18315";"331";"2019-04-11";"16:56:50.000";"8411";"28";"2";"Beverages";"ColumbianMediumRoastSm";"2";"0";"Faith";"2017-09-26";"F";"1966";"GenX";"Y";"2";"1";"2.00";"2.00";"Y";"2.00";"2.00";"11";"18.00";"22.00";" "
"18415";"412";"2019-04-11";"17:09:24.000";"8243";"40";"3.75";"Beverages";"Cappuccino";"4";"0";"Tatiana";"2018-05-22";"F";"1962";"BabyBoomers";"Y";"2";"1";"2.00";"3.75";"Y";"2.00";"3.75";"7";"12.00";"26.25";" "
"18423";"418";"2019-04-11";"15:08:49.000";"8008";"28";"2";"Beverages";"ColumbianMediumRoastSm";"2";"0";"Tanya";"2018-06-17";"F";"1992";"YoungerMillennials";"Y";"1";"4";"1.50";"6.25";"Y";"6.00";"25.00";"11";"18.00";"22.00";" "
"18446";"436";"2019-04-11";"14:19:59.000";"8008";"38";"3.75";"Beverages";"Latte";"4";"1";"Tanya";"2018-06-17";"F";"1992";"YoungerMillennials";"Y";"2";"4";"1.50";"6.25";"Y";"6.00";"25.00";"8";"12.00";"30.00";" "
"18456";"443";"2019-04-11";"11:58:15.000";"8008";"59";"4.5";"Beverages";"DarkchocolateLg";"5";"0";"Tanya";"2018-06-17";"F";"1992";"YoungerMillennials";"Y";"2";"4";"1.50";"6.25";"Y";"6.00";"25.00";"10";"15.00";"45.00";" "
"18787";"312";"2019-04-12";"14:44:12.000";"741";"54";"2.5";"Beverages";"MorningSunriseChaiRg";"3";"1";"LaneDuncan";"2017-12-07";"N";"1971";"GenX";"Y";"1";"2";"1.00";"5.73";"Y";"2.00";"11.45";"16";"24.00";"40.00";" "
"18865";"379";"2019-04-12";"17:14:37.000";"741";"12";"8.95";"WholeBea";"Peppermint";"9";"1";"LaneDuncan";"2017-12-07";"N";"1971";"GenX";"Y";"1";"2";"1.00";"5.73";"Y";"2.00";"11.45";"2";"2.00";"17.90";" "
"19075";"139";"2019-04-12";"9:09:34.000";"5471";"30";"3";"Beverages";"ColumbianMediumRoastLg";"3";"1";"Marah";"2017-08-25";"N";"1986";"OlderMillennials";"N";"1";"2";"1.00";"2.73";"N";"2.00";"5.45";"8";"9.00";"24.00";" "
"19211";"243";"2019-04-12";"9:46:57.000";"5471";"34";"2.45";"Beverages";"JamaicanCoffeeRiverSm";"2";"1";"Marah";"2017-08-25";"N";"1986";"OlderMillennials";"Y";"1";"2";"1.00";"2.73";"N";"2.00";"5.45";"13";"18.00";"31.85";" "
"19500";"445";"2019-04-12";"12:07:20.000";"5460";"26";"3";"Beverages";"BrazilianRg";"3";"0";"Byron";"2018-11-10";"M";"1992";"YoungerMillennials";"N";"1";"1";"1.00";"3.00";"N";"1.00";"3.00";"7";"10.00";"21.00";" "
"19555";"39";"2019-04-12";"9:14:04.000";"8050";"84";"0.8";"Add-ons";"Chocolatesyrup";"1";"0";"Summer";"2018-01-22";"F";"1961";"BabyBoomers";"Y";"2";"2";"2.00";"0.80";"Y";"4.00";"1.60";"10";"17.00";"8.00";" "
"19584";"61";"2019-04-12";"9:25:24.000";"8050";"63";"0.8";"Add-ons";"Carmelsyrup";"1";"0";"Summer";"2018-01-22";"F";"1961";"BabyBoomers";"Y";"2";"2";"2.00";"0.80";"Y";"4.00";"1.60";"10";"16.00";"8.00";" "
"19592";"67";"2019-04-12";"10:41:21.000";"8114";"26";"3";"Beverages";"BrazilianRg";"3";"0";"Geraldine";"2019-03-30";"F";"2000";"GenZ";"Y";"2";"1";"2.00";"3.00";"Y";"2.00";"3.00";"7";"10.00";"21.00";" "
"19753";"195";"2019-04-12";"7:50:39.000";"8364";"42";"2.5";"Beverages";"LemonGrassRg";"3";"0";"Duncan";"2017-10-21";"M";"1965";"GenX";"Y";"2";"1";"2.00";"2.50";"Y";"2.00";"2.50";"10";"20.00";"25.00";" "
"19798";"228";"2019-04-12";"9:23:04.000";"8301";"36";"3.75";"Beverages";"JamaicanCoffeeRiverLg";"4";"0";"Nasim";"2017-12-07";"M";"1984";"OlderMillennials";"Y";"1";"1";"1.00";"3.75";"Y";"1.00";"3.75";"12";"15.00";"45.00";" "
"19854";"271";"2019-04-12";"7:56:16.000";"8256";"50";"2.5";"Beverages";"EarlGreyRg";"3";"0";"Cruz";"2018-08-16";"M";"1996";"GenZ";"Y";"2";"2";"2.00";"3.50";"Y";"4.00";"7.00";"15";"23.00";"37.50";" "
"19898";"304";"2019-04-12";"19:33:39.000";"8073";"53";"3";"Beverages";"TraditionalBlendChaiLg";"3";"0";"Macon";"2018-06-16";"M";"1959";"BabyBoomers";"N";"2";"7";"1.86";"2.51";"Y";"13.00";"17.55";"11";"17.00";"33.00";" "
"19926";"325";"2019-04-12";"16:16:28.000";"8073";"63";"0.8";"Add-ons";"Carmelsyrup";"1";"1";"Macon";"2018-06-16";"M";"1959";"BabyBoomers";"Y";"2";"7";"1.86";"2.51";"Y";"13.00";"17.55";"10";"16.00";"8.00";" "
"19984";"369";"2019-04-12";"11:49:55.000";"8073";"31";"2.2";"Beverages";"EthiopiaSm";"2";"1";"Macon";"2018-06-16";"M";"1959";"BabyBoomers";"Y";"2";"7";"1.86";"2.51";"Y";"13.00";"17.55";"9";"16.45";"19.80";" "
"20000";"382";"2019-04-12";"12:22:46.000";"8073";"25";"2.2";"Beverages";"BrazilianSm";"2";"0";"Macon";"2018-06-16";"M";"1959";"BabyBoomers";"Y";"2";"7";"1.86";"2.51";"Y";"13.00";"17.55";"6";"11.00";"13.20";" "
"20106";"459";"2019-04-12";"12:04:56.000";"8073";"44";"2.5";"Beverages";"PeppermintRg";"3";"0";"Macon";"2018-06-16";"M";"1959";"BabyBoomers";"Y";"1";"7";"1.86";"2.51";"Y";"13.00";"17.55";"13";"21.45";"32.50";" "
"20284";"102";"2019-04-13";"9:54:03.000";"8073";"40";"3.75";"Beverages";"Cappuccino";"4";"1";"Macon";"2018-06-16";"M";"1959";"BabyBoomers";"Y";"2";"7";"1.86";"2.51";"Y";"13.00";"17.55";"7";"12.00";"26.25";" "
"20345";"149";"2019-04-13";"8:05:15.000";"8073";"35";"3.1";"Beverages";"JamaicanCoffeeRiverRg";"3";"0";"Macon";"2018-06-16";"M";"1959";"BabyBoomers";"Y";"2";"7";"1.86";"2.51";"Y";"13.00";"17.55";"9";"15.00";"27.90";" "
"20356";"158";"2019-04-13";"10:51:35.000";"98";"31";"2.2";"Beverages";"EthiopiaSm";"2";"1";"DuncanArnold";"2017-09-29";"M";"1966";"GenX";"Y";"2";"2";"1.50";"2.35";"N";"3.00";"4.70";"9";"16.45";"19.80";" "
"20572";"328";"2019-04-13";"13:43:10.000";"98";"50";"2.5";"Beverages";"EarlGreyRg";"3";"1";"DuncanArnold";"2017-09-29";"M";"1966";"GenX";"N";"1";"2";"1.50";"2.35";"N";"3.00";"4.70";"15";"23.00";"37.50";" "
"20668";"12";"2019-04-13";"7:31:46.000";"5255";"32";"3";"Beverages";"EthiopiaRg";"3";"0";"Peter";"2017-01-08";"M";"1950";"BabyBoomers";"N";"2";"3";"2.00";"2.52";"N";"6.00";"7.55";"6";"8.00";"18.00";" "
"20714";"46";"2019-04-13";"8:11:29.000";"5255";"40";"3.75";"Beverages";"Cappuccino";"4";"0";"Peter";"2017-01-08";"M";"1950";"BabyBoomers";"N";"2";"3";"2.00";"2.52";"N";"6.00";"7.55";"7";"12.00";"26.25";" "
"20822";"118";"2019-04-13";"10:57:15.000";"5255";"63";"0.8";"Add-ons";"Carmelsyrup";"1";"0";"Peter";"2017-01-08";"M";"1950";"BabyBoomers";"Y";"2";"3";"2.00";"2.52";"N";"6.00";"7.55";"10";"16.00";"8.00";" "
"20986";"230";"2019-04-13";"9:47:34.000";"5345";"29";"2.5";"Beverages";"ColumbianMediumRoastRg";"3";"1";"Heidi";"2018-02-24";"F";"1976";"GenX";"N";"1";"3";"1.67";"2.44";"N";"5.00";"7.30";"13";"19.00";"32.50";" "
"21194";"372";"2019-04-13";"12:28:41.000";"5345";"84";"0.8";"Add-ons";"Chocolatesyrup";"1";"0";"Heidi";"2018-02-24";"F";"1976";"GenX";"Y";"2";"3";"1.67";"2.44";"N";"5.00";"7.30";"10";"17.00";"8.00";" "
"21470";"142";"2019-04-13";"9:26:40.000";"5345";"55";"4";"Beverages";"MorningSunriseChaiLg";"4";"0";"Heidi";"2018-02-24";"F";"1976";"GenX";"N";"2";"3";"1.67";"2.44";"N";"5.00";"7.30";"15";"27.00";"60.00";" "
"21517";"174";"2019-04-13";"10:40:41.000";"8206";"37";"3";"Beverages";"Espressoshot";"3";"0";"Rosalyn";"2018-02-06";"F";"1986";"OlderMillennials";"N";"2";"1";"2.00";"3.00";"N";"2.00";"3.00";"6";"7.00";"18.00";" "
"21971";"503";"2019-04-13";"13:34:54.000";"8481";"79";"3.75";"Food";"JumboSavoryScone";"4";"1";"Shafira";"2019-03-22";"N";"1997";"GenZ";"N";"1";"2";"1.50";"3.75";"N";"3.00";"7.50";"7";"7.45";"26.25";" "
"22033";"42";"2019-04-14";"9:38:00.000";"8481";"40";"3.75";"Beverages";"Cappuccino";"4";"1";"Shafira";"2019-03-22";"N";"1997";"GenZ";"Y";"2";"2";"1.50";"3.75";"N";"3.00";"7.50";"7";"12.00";"26.25";" "
"22195";"163";"2019-04-14";"9:47:00.000";"367";"52";"2.5";"Beverages";"TraditionalBlendChaiRg";"3";"1";"NoelleSalazar";"2017-05-20";"F";"1958";"BabyBoomers";"N";"1";"1";"1.00";"2.50";"N";"1.00";"2.50";"6";"8.00";"15.00";" "
"24138";"1180";"2019-04-15";"10:39:05.000";"547";"36";"3.75";"Beverages";"JamaicanCoffeeRiverLg";"4";"0";"OraShields";"2018-05-27";"F";"1981";"OlderMillennials";"N";"1";"10";"1.35";"3.28";"N";"13.45";"32.80";"12";"15.00";"45.00";" "
"24170";"1253";"2019-04-15";"19:57:05.000";"547";"42";"2.5";"Beverages";"LemonGrassRg";"3";"0";"OraShields";"2018-05-27";"F";"1981";"OlderMillennials";"N";"2";"10";"1.35";"3.28";"N";"13.45";"32.80";"10";"20.00";"25.00";" "
"24212";"1381";"2019-04-15";"12:05:19.000";"547";"26";"3";"Beverages";"BrazilianRg";"3";"1";"OraShields";"2018-05-27";"F";"1981";"OlderMillennials";"N";"2";"10";"1.35";"3.28";"N";"13.45";"32.80";"7";"10.00";"21.00";" "
"24263";"1536";"2019-04-15";"11:57:48.000";"547";"79";"3.75";"Food";"JumboSavoryScone";"4";"1";"OraShields";"2018-05-27";"F";"1981";"OlderMillennials";"N";"1";"10";"1.35";"3.28";"N";"13.45";"32.80";"7";"7.45";"26.25";" "
"24303";"1679";"2019-04-15";"14:38:47.000";"547";"33";"3.5";"Beverages";"EthiopiaLg";"4";"0";"OraShields";"2018-05-27";"F";"1981";"OlderMillennials";"Y";"2";"10";"1.35";"3.28";"N";"13.45";"32.80";"10";"20.00";"35.00";" "
"24419";"43";"2019-04-15";"8:14:22.000";"547";"65";"0.8";"Add-ons";"SugarFreeVanillasyrup";"1";"1";"OraShields";"2018-05-27";"F";"1981";"OlderMillennials";"Y";"1";"10";"1.35";"3.28";"N";"13.45";"32.80";"5";"6.00";"4.00";" "
"24556";"494";"2019-04-15";"10:05:21.000";"547";"75";"3.5";"Food";"Croissant";"3";"1";"OraShields";"2018-05-27";"F";"1981";"OlderMillennials";"Y";"1";"10";"1.35";"3.28";"N";"13.45";"32.80";"7";"7.45";"24.50";" "
"24820";"1485";"2019-04-15";"18:29:22.000";"547";"59";"4.5";"Beverages";"DarkchocolateLg";"5";"1";"OraShields";"2018-05-27";"F";"1981";"OlderMillennials";"Y";"1";"10";"1.35";"3.28";"N";"13.45";"32.80";"10";"15.00";"45.00";" "
"24850";"1599";"2019-04-15";"16:18:30.000";"547";"73";"3.75";"Food";"AlmondCroissant";"4";"0";"OraShields";"2018-05-27";"F";"1981";"OlderMillennials";"N";"1";"10";"1.35";"3.28";"N";"13.45";"32.80";"6";"6.00";"22.50";" "
"24865";"1632";"2019-04-15";"14:58:24.000";"5192";"24";"3";"Beverages";"OurOldTimeDinerBlendLg";"3";"0";"Castor";"2017-04-19";"N";"1982";"OlderMillennials";"N";"2";"1";"2.00";"3.00";"N";"2.00";"3.00";"12";"17.45";"36.00";" "
"25207";"780";"2019-04-15";"6:50:38.000";"8348";"16";"8.95";"WholeBea";"TraditionalBlendChai";"9";"1";"Ronan";"2017-06-05";"M";"1964";"BabyBoomers";"N";"1";"7";"1.58";"3.75";"Y";"11.00";"26.25";"2";"2.00";"17.90";" "
"25293";"1144";"2019-04-15";"10:29:32.000";"8348";"28";"2";"Beverages";"ColumbianMediumRoastSm";"2";"0";"Ronan";"2017-06-05";"M";"1964";"BabyBoomers";"Y";"2";"7";"1.58";"3.75";"Y";"11.00";"26.25";"11";"18.00";"22.00";" "
"25326";"1293";"2019-04-15";"8:15:24.000";"8348";"33";"3.5";"Beverages";"EthiopiaLg";"4";"1";"Ronan";"2017-06-05";"M";"1964";"BabyBoomers";"Y";"2";"7";"1.58";"3.75";"Y";"11.00";"26.25";"10";"20.00";"35.00";" "
"25407";"1682";"2019-04-15";"12:33:41.000";"8348";"23";"2.5";"Beverages";"OurOldTimeDinerBlendRg";"3";"1";"Ronan";"2017-06-05";"M";"1964";"BabyBoomers";"Y";"1";"7";"1.58";"3.75";"Y";"11.00";"26.25";"8";"12.45";"20.00";" "
"25452";"1898";"2019-04-15";"17:52:50.000";"8348";"40";"3.75";"Beverages";"Cappuccino";"4";"0";"Ronan";"2017-06-05";"M";"1964";"BabyBoomers";"N";"1";"7";"1.58";"3.75";"Y";"11.00";"26.25";"7";"12.00";"26.25";" "
"25507";"2124";"2019-04-15";"15:30:20.000";"8348";"61";"4.75";"Beverages";"SustainablyGrownOrganicLg";"5";"0";"Ronan";"2017-06-05";"M";"1964";"BabyBoomers";"N";"2";"7";"1.58";"3.75";"Y";"11.00";"26.25";"12";"17.45";"57.00";" "
"25835";"848";"2019-04-16";"9:12:58.000";"8348";"84";"0.8";"Add-ons";"Chocolatesyrup";"1";"1";"Ronan";"2017-06-05";"M";"1964";"BabyBoomers";"Y";"2";"7";"1.58";"3.75";"Y";"11.00";"26.25";"10";"17.00";"8.00";" "
"26135";"1760";"2019-04-16";"18:37:01.000";"725";"43";"3";"Beverages";"LemonGrassLg";"3";"0";"BrunoBarnes";"2017-07-27";"N";"1962";"BabyBoomers";"N";"2";"2";"2.00";"2.75";"N";"4.00";"5.50";"6";"9.45";"18.00";" "
"26235";"39";"2019-04-16";"9:58:36.000";"725";"23";"2.5";"Beverages";"OurOldTimeDinerBlendRg";"3";"0";"BrunoBarnes";"2017-07-27";"N";"1962";"BabyBoomers";"Y";"2";"2";"2.00";"2.75";"N";"4.00";"5.50";"8";"12.45";"20.00";" "
"26309";"317";"2019-04-16";"8:30:16.000";"5239";"76";"3.5";"Food";"ChocolateChipBiscotti";"4";"1";"Irene";"2018-10-09";"N";"1996";"GenZ";"N";"1";"2";"1.50";"3.00";"N";"3.00";"6.00";"5";"5.00";"17.50";" "
"26401";"637";"2019-04-16";"7:38:29.000";"5239";"50";"2.5";"Beverages";"EarlGreyRg";"3";"0";"Irene";"2018-10-09";"N";"1996";"GenZ";"N";"2";"2";"1.50";"3.00";"N";"3.00";"6.00";"15";"23.00";"37.50";" "
"26540";"1164";"2019-04-16";"9:34:35.000";"5935";"29";"2.5";"Beverages";"ColumbianMediumRoastRg";"3";"1";"Jenette";"2018-11-26";"N";"1997";"GenZ";"Y";"1";"3";"1.00";"6.67";"Y";"3.00";"20.00";"13";"19.00";"32.50";" "
"26952";"368";"2019-04-16";"9:33:17.000";"5935";"75";"3.5";"Food";"Croissant";"3";"1";"Jenette";"2018-11-26";"N";"1997";"GenZ";"N";"1";"3";"1.00";"6.67";"Y";"3.00";"20.00";"7";"7.45";"24.50";" "
"27176";"1082";"2019-04-16";"9:33:12.000";"8060";"49";"3";"Beverages";"EnglishBreakfastLg";"3";"1";"Nell";"2017-01-14";"F";"1994";"YoungerMillennials";"Y";"1";"3";"1.67";"2.77";"Y";"5.00";"8.30";"12";"16.00";"36.00";" "
"27252";"1394";"2019-04-16";"8:57:25.000";"8060";"25";"2.2";"Beverages";"BrazilianSm";"2";"0";"Nell";"2017-01-14";"F";"1994";"YoungerMillennials";"N";"2";"3";"1.67";"2.77";"Y";"5.00";"8.30";"6";"11.00";"13.20";" "
"27542";"325";"2019-04-17";"7:59:11.000";"8060";"35";"3.1";"Beverages";"JamaicanCoffeeRiverRg";"3";"0";"Nell";"2017-01-14";"F";"1994";"YoungerMillennials";"Y";"2";"3";"1.67";"2.77";"Y";"5.00";"8.30";"9";"15.00";"27.90";" "
"28239";"504";"2019-04-17";"8:42:08.000";"5448";"56";"2.55";"Beverages";"SpicyEyeOpenerChaiRg";"3";"0";"Mason";"2018-09-11";"N";"1995";"GenZ";"N";"1";"1";"1.00";"2.55";"N";"1.00";"2.55";"14";"21.45";"35.70";" "
"28252";"547";"2019-04-17";"6:45:35.000";"5789";"59";"4.5";"Beverages";"DarkchocolateLg";"5";"0";"Regan";"2019-03-28";"N";"2000";"GenZ";"Y";"2";"1";"2.00";"4.50";"Y";"2.00";"4.50";"10";"15.00";"45.00";" "
"28395";"1062";"2019-04-17";"6:33:41.000";"5203";"47";"3";"Beverages";"SerenityGreenTeaLg";"3";"1";"Uriah";"2017-06-10";"M";"1960";"BabyBoomers";"Y";"1";"6";"1.50";"3.30";"N";"9.00";"19.75";"3";"4.00";"9.00";" "
"28460";"1330";"2019-04-17";"11:26:40.000";"5203";"55";"4";"Beverages";"MorningSunriseChaiLg";"4";"0";"Uriah";"2017-06-10";"M";"1960";"BabyBoomers";"N";"1";"6";"1.50";"3.30";"N";"9.00";"19.75";"15";"27.00";"60.00";" "
"28479";"1425";"2019-04-17";"14:37:44.000";"5203";"33";"3.5";"Beverages";"EthiopiaLg";"4";"1";"Uriah";"2017-06-10";"M";"1960";"BabyBoomers";"Y";"2";"6";"1.50";"3.30";"N";"9.00";"19.75";"10";"20.00";"35.00";" "
"28723";"218";"2019-04-17";"11:16:55.000";"5203";"23";"2.5";"Beverages";"OurOldTimeDinerBlendRg";"3";"1";"Uriah";"2017-06-10";"M";"1960";"BabyBoomers";"N";"1";"6";"1.50";"3.30";"N";"9.00";"19.75";"8";"12.45";"20.00";" "
"28802";"403";"2019-04-17";"8:32:04.000";"5203";"73";"3.75";"Food";"AlmondCroissant";"4";"1";"Uriah";"2017-06-10";"M";"1960";"BabyBoomers";"N";"1";"6";"1.50";"3.30";"N";"9.00";"19.75";"6";"6.00";"22.50";" "
"28911";"739";"2019-04-17";"10:54:57.000";"8065";"46";"2.5";"Beverages";"SerenityGreenTeaRg";"3";"1";"Nero";"2018-05-29";"M";"1995";"GenZ";"Y";"1";"6";"1.00";"6.13";"N";"6.00";"36.75";"4";"7.00";"10.00";" "
"29086";"1500";"2019-04-17";"14:53:07.000";"8065";"49";"3";"Beverages";"EnglishBreakfastLg";"3";"1";"Nero";"2018-05-29";"M";"1995";"GenZ";"N";"1";"6";"1.00";"6.13";"N";"6.00";"36.75";"12";"16.00";"36.00";" "
"29110";"1665";"2019-04-17";"16:55:51.000";"8065";"50";"2.5";"Beverages";"EarlGreyRg";"3";"0";"Nero";"2018-05-29";"M";"1995";"GenZ";"N";"1";"6";"1.00";"6.13";"N";"6.00";"36.75";"15";"23.00";"37.50";" "
"29117";"1690";"2019-04-17";"17:54:58.000";"8065";"53";"3";"Beverages";"TraditionalBlendChaiLg";"3";"0";"Nero";"2018-05-29";"M";"1995";"GenZ";"Y";"1";"6";"1.00";"6.13";"N";"6.00";"36.75";"11";"17.00";"33.00";" "
"29202";"2053";"2019-04-17";"15:52:46.000";"8065";"72";"3.25";"Food";"GingerScone";"3";"0";"Nero";"2018-05-29";"M";"1995";"GenZ";"N";"1";"6";"1.00";"6.13";"N";"6.00";"36.75";"4";"6.00";"11.80";" "
"29306";"143";"2019-04-18";"7:10:26.000";"34";"58";"3.5";"Beverages";"DarkchocolateRg";"4";"1";"MurphyMckee";"2017-04-05";"M";"1956";"BabyBoomers";"N";"1";"8";"1.13";"2.97";"N";"9.00";"23.70";"3";"3.00";"10.50";" "
"29462";"576";"2019-04-18";"10:32:59.000";"34";"57";"3.1";"Beverages";"SpicyEyeOpenerChaiLg";"3";"0";"MurphyMckee";"2017-04-05";"M";"1956";"BabyBoomers";"Y";"1";"8";"1.13";"2.97";"N";"9.00";"23.70";"10";"14.00";"31.00";" "
"29492";"670";"2019-04-18";"10:14:59.000";"34";"23";"2.5";"Beverages";"OurOldTimeDinerBlendRg";"3";"0";"MurphyMckee";"2017-04-05";"M";"1956";"BabyBoomers";"Y";"2";"8";"1.13";"2.97";"N";"9.00";"23.70";"8";"12.45";"20.00";" "
"29637";"1129";"2019-04-18";"9:21:55.000";"34";"61";"4.75";"Beverages";"SustainablyGrownOrganicLg";"5";"0";"MurphyMckee";"2017-04-05";"M";"1956";"BabyBoomers";"N";"1";"8";"1.13";"2.97";"N";"9.00";"23.70";"12";"17.45";"57.00";" "
"29729";"1419";"2019-04-18";"16:42:59.000";"34";"76";"3.5";"Food";"ChocolateChipBiscotti";"4";"0";"MurphyMckee";"2017-04-05";"M";"1956";"BabyBoomers";"Y";"1";"8";"1.13";"2.97";"N";"9.00";"23.70";"5";"5.00";"17.50";" "
"29812";"1734";"2019-04-18";"12:37:15.000";"34";"56";"2.55";"Beverages";"SpicyEyeOpenerChaiRg";"3";"0";"MurphyMckee";"2017-04-05";"M";"1956";"BabyBoomers";"N";"1";"8";"1.13";"2.97";"N";"9.00";"23.70";"14";"21.45";"35.70";" "
"30022";"564";"2019-04-18";"9:14:24.000";"34";"65";"0.8";"Add-ons";"SugarFreeVanillasyrup";"1";"1";"MurphyMckee";"2017-04-05";"M";"1956";"BabyBoomers";"N";"1";"8";"1.13";"2.97";"N";"9.00";"23.70";"5";"6.00";"4.00";" "
"30059";"712";"2019-04-18";"10:02:39.000";"34";"26";"3";"Beverages";"BrazilianRg";"3";"1";"MurphyMckee";"2017-04-05";"M";"1956";"BabyBoomers";"N";"1";"8";"1.13";"2.97";"N";"9.00";"23.70";"7";"10.00";"21.00";" "
"30120";"918";"2019-04-18";"6:32:25.000";"5787";"77";"3";"Food";"OatmealScone";"3";"1";"Dai";"2018-03-02";"N";"1991";"YoungerMillennials";"N";"1";"2";"1.00";"3.88";"N";"2.00";"7.75";"12";"12.00";"36.00";" "
"30124";"920";"2019-04-18";"10:04:20.000";"5787";"61";"4.75";"Beverages";"SustainablyGrownOrganicLg";"5";"1";"Dai";"2018-03-02";"N";"1991";"YoungerMillennials";"N";"1";"2";"1.00";"3.88";"N";"2.00";"7.75";"12";"17.45";"57.00";" "
"30318";"1593";"2019-04-18";"15:00:01.000";"5807";"41";"4.25";"Beverages";"CappuccinoLg";"4";"1";"Cailin";"2019-02-05";"F";"1997";"GenZ";"Y";"1";"2";"1.50";"3.63";"Y";"3.00";"7.25";"9";"12.90";"38.25";" "
"30432";"1991";"2019-04-18";"17:24:35.000";"5807";"30";"3";"Beverages";"ColumbianMediumRoastLg";"3";"0";"Cailin";"2019-02-05";"F";"1997";"GenZ";"Y";"2";"2";"1.50";"3.63";"Y";"3.00";"7.25";"8";"9.00";"24.00";" "
"30519";"133";"2019-04-18";"9:44:42.000";"8483";"65";"0.8";"Add-ons";"SugarFreeVanillasyrup";"1";"1";"Samuel";"2017-01-03";"M";"1957";"BabyBoomers";"N";"1";"10";"1.00";"2.64";"N";"10.00";"26.35";"5";"6.00";"4.00";" "
"30639";"491";"2019-04-18";"7:58:48.000";"8483";"75";"3.5";"Food";"Croissant";"3";"1";"Samuel";"2017-01-03";"M";"1957";"BabyBoomers";"N";"1";"10";"1.00";"2.64";"N";"10.00";"26.35";"7";"7.45";"24.50";" "
"30755";"856";"2019-04-18";"10:03:38.000";"8483";"24";"3";"Beverages";"OurOldTimeDinerBlendLg";"3";"0";"Samuel";"2017-01-03";"M";"1957";"BabyBoomers";"Y";"1";"10";"1.00";"2.64";"N";"10.00";"26.35";"12";"17.45";"36.00";" "
"30770";"906";"2019-04-18";"9:22:09.000";"8483";"34";"2.45";"Beverages";"JamaicanCoffeeRiverSm";"2";"0";"Samuel";"2017-01-03";"M";"1957";"BabyBoomers";"N";"1";"10";"1.00";"2.64";"N";"10.00";"26.35";"13";"18.00";"31.85";" "
"31264";"475";"2019-04-19";"10:29:39.000";"8483";"71";"3.75";"Food";"ChocolateCroissant";"4";"1";"Samuel";"2017-01-03";"M";"1957";"BabyBoomers";"N";"1";"10";"1.00";"2.64";"N";"10.00";"26.35";"10";"10.00";"37.50";" "
"31301";"564";"2019-04-19";"8:40:20.000";"8483";"56";"2.55";"Beverages";"SpicyEyeOpenerChaiRg";"3";"1";"Samuel";"2017-01-03";"M";"1957";"BabyBoomers";"Y";"1";"10";"1.00";"2.64";"N";"10.00";"26.35";"14";"21.45";"35.70";" "
"31312";"603";"2019-04-19";"7:42:11.000";"8483";"51";"3";"Beverages";"EarlGreyLg";"3";"1";"Samuel";"2017-01-03";"M";"1957";"BabyBoomers";"N";"1";"10";"1.00";"2.64";"N";"10.00";"26.35";"6";"11.00";"18.00";" "
"31388";"803";"2019-04-19";"10:45:52.000";"8483";"45";"3";"Beverages";"PeppermintLg";"3";"1";"Samuel";"2017-01-03";"M";"1957";"BabyBoomers";"Y";"1";"10";"1.00";"2.64";"N";"10.00";"26.35";"10";"18.00";"30.00";" "
"31768";"1920";"2019-04-19";"16:51:19.000";"8483";"75";"3.5";"Food";"Croissant";"3";"1";"Samuel";"2017-01-03";"M";"1957";"BabyBoomers";"Y";"1";"10";"1.00";"2.64";"N";"10.00";"26.35";"7";"7.45";"24.50";" "
"32017";"837";"2019-04-19";"8:21:37.000";"8483";"84";"0.8";"Add-ons";"Chocolatesyrup";"1";"1";"Samuel";"2017-01-03";"M";"1957";"BabyBoomers";"N";"1";"10";"1.00";"2.64";"N";"10.00";"26.35";"10";"17.00";"8.00";" "
"32064";"1006";"2019-04-19";"8:39:18.000";"5330";"53";"3";"Beverages";"TraditionalBlendChaiLg";"3";"1";"Arden";"2017-05-03";"M";"1957";"BabyBoomers";"N";"1";"6";"1.17";"3.06";"Y";"7.00";"18.35";"11";"17.00";"33.00";" "
"32418";"189";"2019-04-19";"10:17:34.000";"5330";"54";"2.5";"Beverages";"MorningSunriseChaiRg";"3";"1";"Arden";"2017-05-03";"M";"1957";"BabyBoomers";"N";"1";"6";"1.17";"3.06";"Y";"7.00";"18.35";"16";"24.00";"40.00";" "
"32460";"298";"2019-04-19";"6:35:02.000";"5330";"35";"3.1";"Beverages";"JamaicanCoffeeRiverRg";"3";"1";"Arden";"2017-05-03";"M";"1957";"BabyBoomers";"Y";"1";"6";"1.17";"3.06";"Y";"7.00";"18.35";"9";"15.00";"27.90";" "
"32476";"338";"2019-04-19";"7:27:32.000";"5330";"58";"3.5";"Beverages";"DarkchocolateRg";"4";"0";"Arden";"2017-05-03";"M";"1957";"BabyBoomers";"Y";"1";"6";"1.17";"3.06";"Y";"7.00";"18.35";"3";"3.00";"10.50";" "
"32511";"410";"2019-04-19";"11:06:53.000";"5330";"39";"4.25";"Beverages";"LatteRg";"4";"1";"Arden";"2017-05-03";"M";"1957";"BabyBoomers";"Y";"2";"6";"1.17";"3.06";"Y";"7.00";"18.35";"12";"17.00";"51.00";" "
"32554";"513";"2019-04-19";"7:54:08.000";"5330";"22";"2";"Beverages";"OurOldTimeDinerBlendSm";"2";"1";"Arden";"2017-05-03";"M";"1957";"BabyBoomers";"Y";"1";"6";"1.17";"3.06";"Y";"7.00";"18.35";"7";"10.00";"14.00";" "
"32588";"584";"2019-04-19";"8:48:24.000";"8075";"51";"3";"Beverages";"EarlGreyLg";"3";"0";"Evangeline";"2018-09-14";"F";"1987";"OlderMillennials";"N";"1";"5";"1.00";"3.60";"Y";"5.00";"18.00";"6";"11.00";"18.00";" "
"32594";"597";"2019-04-19";"10:59:17.000";"8075";"79";"3.75";"Food";"JumboSavoryScone";"4";"1";"Evangeline";"2018-09-14";"F";"1987";"OlderMillennials";"Y";"1";"5";"1.00";"3.60";"Y";"5.00";"18.00";"7";"7.45";"26.25";" "
"32629";"709";"2019-04-19";"7:01:41.000";"8075";"74";"3.5";"Food";"GingerBiscotti";"4";"1";"Evangeline";"2018-09-14";"F";"1987";"OlderMillennials";"Y";"1";"5";"1.00";"3.60";"Y";"5.00";"18.00";"3";"3.00";"10.50";" "
"33078";"54";"2019-04-20";"8:15:04.000";"8075";"59";"4.5";"Beverages";"DarkchocolateLg";"5";"0";"Evangeline";"2018-09-14";"F";"1987";"OlderMillennials";"Y";"1";"5";"1.00";"3.60";"Y";"5.00";"18.00";"10";"15.00";"45.00";" "
"34807";"19";"2019-04-21";"9:08:17.000";"396";"44";"2.5";"Beverages";"PeppermintRg";"3";"0";"DaiBennett";"2017-07-19";"F";"1962";"BabyBoomers";"N";"1";"2";"1.00";"2.75";"N";"2.00";"5.50";"13";"21.45";"32.50";" "
"34831";"37";"2019-04-21";"9:21:19.000";"396";"49";"3";"Beverages";"EnglishBreakfastLg";"3";"1";"DaiBennett";"2017-07-19";"F";"1962";"BabyBoomers";"Y";"1";"2";"1.00";"2.75";"N";"2.00";"5.50";"12";"16.00";"36.00";" "
"34881";"74";"2019-04-21";"8:10:25.000";"406";"44";"2.5";"Beverages";"PeppermintRg";"3";"0";"GemmaRodriguez";"2017-08-09";"F";"1963";"BabyBoomers";"Y";"2";"2";"2.00";"2.50";"Y";"4.00";"5.00";"13";"21.45";"32.50";" "
"34953";"127";"2019-04-21";"10:39:38.000";"406";"42";"2.5";"Beverages";"LemonGrassRg";"3";"1";"GemmaRodriguez";"2017-08-09";"F";"1963";"BabyBoomers";"Y";"2";"2";"2.00";"2.50";"Y";"4.00";"5.00";"10";"20.00";"25.00";" "
"35155";"276";"2019-04-21";"11:32:58.000";"546";"50";"2.5";"Beverages";"EarlGreyRg";"3";"0";"JillianSaunders";"2018-05-25";"F";"1981";"OlderMillennials";"N";"1";"2";"1.50";"2.80";"N";"3.00";"5.60";"15";"23.00";"37.50";" "
"35278";"22";"2019-04-21";"7:18:13.000";"546";"57";"3.1";"Beverages";"SpicyEyeOpenerChaiLg";"3";"1";"JillianSaunders";"2018-05-25";"F";"1981";"OlderMillennials";"N";"2";"2";"1.50";"2.80";"N";"3.00";"5.60";"10";"14.00";"31.00";" "
"35462";"280";"2019-04-21";"8:36:27.000";"5157";"56";"2.55";"Beverages";"SpicyEyeOpenerChaiRg";"3";"0";"Kenneth";"2017-09-19";"M";"1966";"GenX";"Y";"3";"2";"2.00";"2.78";"N";"4.00";"5.55";"14";"21.45";"35.70";" "
"35588";"470";"2019-04-21";"18:26:01.000";"5157";"77";"3";"Food";"OatmealScone";"3";"0";"Kenneth";"2017-09-19";"M";"1966";"GenX";"N";"1";"2";"2.00";"2.78";"N";"4.00";"5.55";"12";"12.00";"36.00";" "
"35634";"533";"2019-04-21";"12:27:21.000";"5144";"50";"2.5";"Beverages";"EarlGreyRg";"3";"0";"Denise";"2019-03-03";"F";"1999";"GenZ";"N";"2";"6";"1.67";"2.67";"N";"10.00";"16.00";"15";"23.00";"37.50";" "
"35886";"163";"2019-04-21";"8:50:55.000";"5144";"60";"3.75";"Beverages";"SustainablyGrownOrganicRg";"4";"0";"Denise";"2019-03-03";"F";"1999";"GenZ";"Y";"1";"6";"1.67";"2.67";"N";"10.00";"16.00";"11";"15.45";"41.25";" "
"35955";"264";"2019-04-21";"9:36:01.000";"5144";"25";"2.2";"Beverages";"BrazilianSm";"2";"1";"Denise";"2019-03-03";"F";"1999";"GenZ";"N";"2";"6";"1.67";"2.67";"N";"10.00";"16.00";"6";"11.00";"13.20";" "
"36244";"673";"2019-04-21";"20:05:42.000";"5144";"41";"4.25";"Beverages";"CappuccinoLg";"4";"1";"Denise";"2019-03-03";"F";"1999";"GenZ";"Y";"1";"6";"1.67";"2.67";"N";"10.00";"16.00";"9";"12.90";"38.25";" "
"36465";"951";"2019-04-21";"13:32:47.000";"5144";"63";"0.8";"Add-ons";"Carmelsyrup";"1";"0";"Denise";"2019-03-03";"F";"1999";"GenZ";"N";"2";"6";"1.67";"2.67";"N";"10.00";"16.00";"10";"16.00";"8.00";" "
"36499";"142";"2019-04-22";"9:39:58.000";"5144";"50";"2.5";"Beverages";"EarlGreyRg";"3";"0";"Denise";"2019-03-03";"F";"1999";"GenZ";"Y";"2";"6";"1.67";"2.67";"N";"10.00";"16.00";"15";"23.00";"37.50";" "
"36573";"700";"2019-04-22";"14:46:11.000";"549";"45";"3";"Beverages";"PeppermintLg";"3";"0";"TanishaRobinson";"2018-05-31";"F";"1982";"OlderMillennials";"N";"2";"3";"1.82";"3.25";"N";"5.45";"9.75";"10";"18.00";"30.00";" "
"36715";"1698";"2019-04-22";"16:25:45.000";"549";"39";"4.25";"Beverages";"LatteRg";"4";"1";"TanishaRobinson";"2018-05-31";"F";"1982";"OlderMillennials";"N";"2";"3";"1.82";"3.25";"N";"5.45";"9.75";"12";"17.00";"51.00";" "
"36813";"2378";"2019-04-22";"7:28:00.000";"549";"44";"2.5";"Beverages";"PeppermintRg";"3";"1";"TanishaRobinson";"2018-05-31";"F";"1982";"OlderMillennials";"N";"1";"3";"1.82";"3.25";"N";"5.45";"9.75";"13";"21.45";"32.50";" "
"37659";"108";"2019-04-22";"9:30:40.000";"8092";"36";"3.75";"Beverages";"JamaicanCoffeeRiverLg";"4";"1";"Willow";"2018-01-23";"F";"1991";"YoungerMillennials";"Y";"2";"7";"1.35";"3.15";"N";"9.45";"22.05";"12";"15.00";"45.00";" "
"37676";"194";"2019-04-22";"10:01:53.000";"8092";"56";"2.55";"Beverages";"SpicyEyeOpenerChaiRg";"3";"0";"Willow";"2018-01-23";"F";"1991";"YoungerMillennials";"N";"1";"7";"1.35";"3.15";"N";"9.45";"22.05";"14";"21.45";"35.70";" "
"37812";"912";"2019-04-22";"9:32:08.000";"8092";"77";"3";"Food";"OatmealScone";"3";"0";"Willow";"2018-01-23";"F";"1991";"YoungerMillennials";"N";"1";"7";"1.35";"3.15";"N";"9.45";"22.05";"12";"12.00";"36.00";" "
"37873";"1218";"2019-04-22";"8:46:50.000";"8092";"54";"2.5";"Beverages";"MorningSunriseChaiRg";"3";"1";"Willow";"2018-01-23";"F";"1991";"YoungerMillennials";"Y";"1";"7";"1.35";"3.15";"N";"9.45";"22.05";"16";"24.00";"40.00";" "
"37904";"1330";"2019-04-22";"10:17:04.000";"8092";"60";"3.75";"Beverages";"SustainablyGrownOrganicRg";"4";"1";"Willow";"2018-01-23";"F";"1991";"YoungerMillennials";"N";"1";"7";"1.35";"3.15";"N";"9.45";"22.05";"11";"15.45";"41.25";" "
"37994";"1721";"2019-04-22";"13:10:22.000";"8092";"87";"3";"Beverages";"OuroBrasileiroshot";"3";"1";"Willow";"2018-01-23";"F";"1991";"YoungerMillennials";"N";"1";"7";"1.35";"3.15";"N";"9.45";"22.05";"4";"5.00";"9.30";" "
"38149";"68";"2019-04-23";"9:43:22.000";"77";"45";"3";"Beverages";"PeppermintLg";"3";"1";"CullenRomero";"2017-08-02";"M";"1963";"BabyBoomers";"Y";"1";"2";"1.00";"2.75";"N";"2.00";"5.50";"10";"18.00";"30.00";" "
"38610";"3409";"2019-04-23";"7:16:48.000";"77";"54";"2.5";"Beverages";"MorningSunriseChaiRg";"3";"0";"CullenRomero";"2017-08-02";"M";"1963";"BabyBoomers";"N";"1";"2";"1.00";"2.75";"N";"2.00";"5.50";"16";"24.00";"40.00";" "
"38717";"4124";"2019-04-23";"8:52:43.000";"434";"29";"2.5";"Beverages";"ColumbianMediumRoastRg";"3";"1";"CarlaStevens";"2017-10-06";"F";"1967";"GenX";"Y";"1";"1";"1.00";"2.50";"Y";"1.00";"2.50";"13";"19.00";"32.50";" "
"38732";"14";"2019-04-23";"10:07:13.000";"5233";"64";"0.8";"Add-ons";"Hazelnutsyrup";"1";"0";"Sean";"2019-01-15";"N";"1999";"GenZ";"N";"1";"3";"1.67";"2.15";"N";"5.00";"6.45";"2";"3.00";"1.60";" "
"38907";"683";"2019-04-23";"8:52:30.000";"5233";"72";"2.65";"Food";"GingerScone";"3";"1";"Sean";"2019-01-15";"N";"1999";"GenZ";"N";"3";"3";"1.67";"2.15";"N";"5.00";"6.45";"4";"6.00";"11.80";" "
"38930";"772";"2019-04-23";"9:18:16.000";"5233";"26";"3";"Beverages";"BrazilianRg";"3";"0";"Sean";"2019-01-15";"N";"1999";"GenZ";"N";"1";"3";"1.67";"2.15";"N";"5.00";"6.45";"7";"10.00";"21.00";" "
"38966";"922";"2019-04-23";"6:33:54.000";"5393";"45";"3";"Beverages";"PeppermintLg";"3";"1";"Alfreda";"2017-08-17";"F";"1964";"BabyBoomers";"N";"3";"6";"2.17";"2.64";"N";"13.00";"15.80";"10";"18.00";"30.00";" "
"38993";"1047";"2019-04-23";"7:22:14.000";"5393";"35";"3.1";"Beverages";"JamaicanCoffeeRiverRg";"3";"1";"Alfreda";"2017-08-17";"F";"1964";"BabyBoomers";"Y";"3";"6";"2.17";"2.64";"N";"13.00";"15.80";"9";"15.00";"27.90";" "
"39017";"1109";"2019-04-23";"10:52:04.000";"5393";"25";"2.2";"Beverages";"BrazilianSm";"2";"1";"Alfreda";"2017-08-17";"F";"1964";"BabyBoomers";"Y";"3";"6";"2.17";"2.64";"N";"13.00";"15.80";"6";"11.00";"13.20";" "
"39110";"1484";"2019-04-23";"11:43:00.000";"5393";"39";"4.25";"Beverages";"LatteRg";"4";"0";"Alfreda";"2017-08-17";"F";"1964";"BabyBoomers";"Y";"1";"6";"2.17";"2.64";"N";"13.00";"15.80";"12";"17.00";"51.00";" "
"39128";"1543";"2019-04-23";"16:21:42.000";"5393";"34";"2.45";"Beverages";"JamaicanCoffeeRiverSm";"2";"1";"Alfreda";"2017-08-17";"F";"1964";"BabyBoomers";"N";"2";"6";"2.17";"2.64";"N";"13.00";"15.80";"13";"18.00";"31.85";" "
"39135";"1561";"2019-04-23";"16:36:05.000";"5393";"63";"0.8";"Add-ons";"Carmelsyrup";"1";"1";"Alfreda";"2017-08-17";"F";"1964";"BabyBoomers";"N";"1";"6";"2.17";"2.64";"N";"13.00";"15.80";"10";"16.00";"8.00";" "
"39141";"1596";"2019-04-23";"12:31:50.000";"5203";"51";"3";"Beverages";"EarlGreyLg";"3";"1";"Uriah";"2017-06-10";"M";"1960";"BabyBoomers";"N";"3";"6";"1.50";"3.30";"N";"9.00";"19.75";"6";"11.00";"18.00";" "
"39152";"1660";"2019-04-23";"13:45:53.000";"5646";"44";"2.5";"Beverages";"PeppermintRg";"3";"1";"Chadwick";"2018-10-03";"M";"1989";"OlderMillennials";"N";"3";"4";"2.00";"3.19";"N";"8.00";"12.75";"13";"21.45";"32.50";" "
"39155";"1670";"2019-04-23";"13:39:14.000";"5171";"63";"0.8";"Add-ons";"Carmelsyrup";"1";"0";"Skyler";"2017-07-16";"F";"1962";"BabyBoomers";"Y";"1";"1";"1.00";"0.80";"Y";"1.00";"0.80";"10";"16.00";"8.00";" "
"39247";"2050";"2019-04-23";"12:51:36.000";"5503";"53";"3";"Beverages";"TraditionalBlendChaiLg";"3";"0";"Aaron";"2017-10-24";"N";"1987";"OlderMillennials";"N";"1";"1";"1.00";"3.00";"N";"1.00";"3.00";"11";"17.00";"33.00";" "
"39290";"217";"2019-04-23";"8:21:55.000";"8015";"34";"2.45";"Beverages";"JamaicanCoffeeRiverSm";"2";"1";"Hedwig";"2018-05-20";"F";"1951";"BabyBoomers";"Y";"1";"2";"1.00";"5.70";"Y";"2.00";"11.40";"13";"18.00";"31.85";" "
"39364";"489";"2019-04-23";"8:11:45.000";"8015";"14";"8.95";"WholeBea";"EarlGrey";"9";"0";"Hedwig";"2018-05-20";"F";"1951";"BabyBoomers";"Y";"1";"2";"1.00";"5.70";"Y";"2.00";"11.40";"1";"1.00";"8.95";" "
"39411";"662";"2019-04-23";"10:14:45.000";"8230";"28";"2";"Beverages";"ColumbianMediumRoastSm";"2";"1";"Deirdre";"2019-02-05";"N";"1990";"YoungerMillennials";"N";"2";"2";"1.73";"2.88";"N";"3.45";"5.75";"11";"18.00";"22.00";" "
"39424";"720";"2019-04-23";"8:26:23.000";"8230";"60";"3.75";"Beverages";"SustainablyGrownOrganicRg";"4";"1";"Deirdre";"2019-02-05";"N";"1990";"YoungerMillennials";"Y";"1";"2";"1.73";"2.88";"N";"3.45";"5.75";"11";"15.45";"41.25";" "
"39689";"1853";"2019-04-23";"14:46:06.000";"8226";"33";"3.5";"Beverages";"EthiopiaLg";"4";"1";"Kieran";"2018-04-06";"M";"1952";"BabyBoomers";"Y";"2";"6";"1.84";"3.30";"Y";"11.00";"19.80";"10";"20.00";"35.00";" "
"39889";"409";"2019-04-24";"18:37:20.000";"8226";"54";"2.5";"Beverages";"MorningSunriseChaiRg";"3";"1";"Kieran";"2018-04-06";"M";"1952";"BabyBoomers";"N";"2";"6";"1.84";"3.30";"Y";"11.00";"19.80";"16";"24.00";"40.00";" "
"39893";"433";"2019-04-24";"10:25:32.000";"8226";"42";"2.5";"Beverages";"LemonGrassRg";"3";"1";"Kieran";"2018-04-06";"M";"1952";"BabyBoomers";"Y";"2";"6";"1.84";"3.30";"Y";"11.00";"19.80";"10";"20.00";"25.00";" "
"39924";"584";"2019-04-24";"9:10:05.000";"8226";"56";"2.55";"Beverages";"SpicyEyeOpenerChaiRg";"3";"1";"Kieran";"2018-04-06";"M";"1952";"BabyBoomers";"Y";"2";"6";"1.84";"3.30";"Y";"11.00";"19.80";"14";"21.45";"35.70";" "
"40332";"3126";"2019-04-24";"15:11:42.000";"8226";"59";"4.5";"Beverages";"DarkchocolateLg";"5";"1";"Kieran";"2018-04-06";"M";"1952";"BabyBoomers";"Y";"2";"6";"1.84";"3.30";"Y";"11.00";"19.80";"10";"15.00";"45.00";" "
"40410";"3595";"2019-04-24";"17:55:12.000";"76";"38";"3.75";"Beverages";"Latte";"4";"0";"BruceBlackwell";"2017-07-30";"M";"1963";"BabyBoomers";"N";"1";"3";"1.34";"3.42";"N";"4.00";"10.25";"8";"12.00";"30.00";" "
"40415";"3603";"2019-04-24";"11:13:33.000";"76";"75";"3.5";"Food";"Croissant";"3";"1";"BruceBlackwell";"2017-07-30";"M";"1963";"BabyBoomers";"N";"1";"3";"1.34";"3.42";"N";"4.00";"10.25";"7";"7.45";"24.50";" "
"40433";"3793";"2019-04-24";"9:30:32.000";"76";"49";"3";"Beverages";"EnglishBreakfastLg";"3";"1";"BruceBlackwell";"2017-07-30";"M";"1963";"BabyBoomers";"N";"2";"3";"1.34";"3.42";"N";"4.00";"10.25";"12";"16.00";"36.00";" "
"40556";"188";"2019-04-24";"9:02:09.000";"5881";"78";"4.5";"Food";"ScottishCreamScone";"5";"0";"Virginia";"2017-08-23";"N";"1986";"OlderMillennials";"N";"1";"1";"1.00";"4.50";"N";"1.00";"4.50";"4";"4.00";"18.00";" "
"40618";"428";"2019-04-24";"6:17:55.000";"5713";"65";"0.8";"Add-ons";"SugarFreeVanillasyrup";"1";"0";"Rhonda";"2018-05-04";"F";"1980";"OlderMillennials";"N";"2";"1";"2.00";"0.80";"N";"2.00";"0.80";"5";"6.00";"4.00";" "
"40692";"712";"2019-04-24";"9:35:35.000";"5704";"77";"3";"Food";"OatmealScone";"3";"1";"Amethyst";"2019-04-06";"F";"2001";"GenZ";"N";"1";"1";"1.00";"3.00";"N";"1.00";"3.00";"12";"12.00";"36.00";" "
"40795";"1102";"2019-04-24";"8:56:17.000";"5596";"34";"2.45";"Beverages";"JamaicanCoffeeRiverSm";"2";"1";"Linus";"2017-08-30";"N";"1986";"OlderMillennials";"Y";"3";"3";"1.67";"3.15";"N";"5.00";"9.45";"13";"18.00";"31.85";" "
"40949";"1599";"2019-04-24";"14:35:43.000";"5596";"79";"3.75";"Food";"JumboSavoryScone";"4";"0";"Linus";"2017-08-30";"N";"1986";"OlderMillennials";"N";"1";"3";"1.67";"3.15";"N";"5.00";"9.45";"7";"7.45";"26.25";" "
"41033";"1834";"2019-04-24";"11:41:19.000";"5100";"63";"0.8";"Add-ons";"Carmelsyrup";"1";"1";"Barclay";"2017-12-22";"M";"1972";"GenX";"N";"1";"7";"1.15";"3.00";"Y";"8.00";"20.95";"10";"16.00";"8.00";" "
"41072";"1967";"2019-04-24";"15:11:35.000";"5100";"79";"3.75";"Food";"JumboSavoryScone";"4";"1";"Barclay";"2017-12-22";"M";"1972";"GenX";"Y";"1";"7";"1.15";"3.00";"Y";"8.00";"20.95";"7";"7.45";"26.25";" "
"41192";"440";"2019-04-24";"9:20:55.000";"5100";"72";"2.65";"Food";"GingerScone";"3";"0";"Barclay";"2017-12-22";"M";"1972";"GenX";"Y";"1";"7";"1.15";"3.00";"Y";"8.00";"20.95";"4";"6.00";"11.80";" "
"41236";"627";"2019-04-24";"11:02:34.000";"5100";"71";"3.75";"Food";"ChocolateCroissant";"4";"1";"Barclay";"2017-12-22";"M";"1972";"GenX";"Y";"1";"7";"1.15";"3.00";"Y";"8.00";"20.95";"10";"10.00";"37.50";" "
"41248";"678";"2019-04-24";"9:12:29.000";"5100";"41";"4.25";"Beverages";"CappuccinoLg";"4";"0";"Barclay";"2017-12-22";"M";"1972";"GenX";"Y";"1";"7";"1.15";"3.00";"Y";"8.00";"20.95";"9";"12.90";"38.25";" "
"41264";"741";"2019-04-24";"8:06:46.000";"5100";"73";"3.75";"Food";"AlmondCroissant";"4";"0";"Barclay";"2017-12-22";"M";"1972";"GenX";"N";"1";"7";"1.15";"3.00";"Y";"8.00";"20.95";"6";"6.00";"22.50";" "
"41520";"1974";"2019-04-24";"18:50:32.000";"8075";"70";"3.25";"Food";"CranberryScone";"3";"1";"Evangeline";"2018-09-14";"F";"1987";"OlderMillennials";"N";"1";"5";"1.00";"3.60";"Y";"5.00";"18.00";"5";"5.00";"16.25";" "
"41603";"2301";"2019-04-24";"17:29:31.000";"8307";"42";"2.5";"Beverages";"LemonGrassRg";"3";"1";"Nyssa";"2019-01-30";"F";"1951";"BabyBoomers";"Y";"2";"1";"2.00";"2.50";"Y";"2.00";"2.50";"10";"20.00";"25.00";" "
"41614";"2337";"2019-04-24";"17:35:24.000";"8190";"31";"2.2";"Beverages";"EthiopiaSm";"2";"0";"Elizabeth";"2017-06-02";"F";"1963";"BabyBoomers";"N";"2";"1";"2.00";"2.20";"N";"2.00";"2.20";"9";"16.45";"19.80";" "
"41911";"1970";"2019-04-25";"16:50:49.000";"608";"57";"3.1";"Beverages";"SpicyEyeOpenerChaiLg";"3";"1";"AlisaBriggs";"2018-09-30";"F";"1989";"OlderMillennials";"Y";"2";"3";"1.34";"3.54";"Y";"4.00";"10.60";"10";"14.00";"31.00";" "
"42138";"3740";"2019-04-25";"8:57:26.000";"608";"36";"3.75";"Beverages";"JamaicanCoffeeRiverLg";"4";"0";"AlisaBriggs";"2018-09-30";"F";"1989";"OlderMillennials";"N";"1";"3";"1.34";"3.54";"Y";"4.00";"10.60";"12";"15.00";"45.00";" "
"42236";"91";"2019-04-25";"10:26:56.000";"608";"38";"3.75";"Beverages";"Latte";"4";"0";"AlisaBriggs";"2018-09-30";"F";"1989";"OlderMillennials";"Y";"1";"3";"1.34";"3.54";"Y";"4.00";"10.60";"8";"12.00";"30.00";" "
"42340";"479";"2019-04-25";"8:08:04.000";"5921";"54";"2.5";"Beverages";"MorningSunriseChaiRg";"3";"0";"Charissa";"2018-10-24";"N";"1997";"GenZ";"Y";"2";"1";"2.00";"2.50";"Y";"2.00";"2.50";"16";"24.00";"40.00";" "
"42363";"545";"2019-04-25";"8:27:51.000";"5179";"55";"4";"Beverages";"MorningSunriseChaiLg";"4";"0";"Caleb";"2018-08-15";"M";"1986";"OlderMillennials";"N";"3";"7";"2.07";"5.50";"N";"14.45";"38.50";"15";"27.00";"60.00";" "
"42438";"788";"2019-04-25";"6:20:32.000";"5179";"55";"4";"Beverages";"MorningSunriseChaiLg";"4";"0";"Caleb";"2018-08-15";"M";"1986";"OlderMillennials";"N";"3";"7";"2.07";"5.50";"N";"14.45";"38.50";"15";"27.00";"60.00";" "
"42571";"1241";"2019-04-25";"8:35:18.000";"5179";"54";"2.5";"Beverages";"MorningSunriseChaiRg";"3";"0";"Caleb";"2018-08-15";"M";"1986";"OlderMillennials";"N";"3";"7";"2.07";"5.50";"N";"14.45";"38.50";"16";"24.00";"40.00";" "
"42579";"1260";"2019-04-25";"7:37:44.000";"5179";"48";"2.5";"Beverages";"EnglishBreakfastRg";"3";"1";"Caleb";"2018-08-15";"M";"1986";"OlderMillennials";"Y";"1";"7";"2.07";"5.50";"N";"14.45";"38.50";"8";"12.45";"20.00";" "
"42773";"1959";"2019-04-25";"11:45:55.000";"5179";"45";"3";"Beverages";"PeppermintLg";"3";"1";"Caleb";"2018-08-15";"M";"1986";"OlderMillennials";"Y";"2";"7";"2.07";"5.50";"N";"14.45";"38.50";"10";"18.00";"30.00";" "
"42806";"39";"2019-04-25";"7:15:48.000";"5179";"78";"4.5";"Food";"ScottishCreamScone";"5";"0";"Caleb";"2018-08-15";"M";"1986";"OlderMillennials";"N";"1";"7";"2.07";"5.50";"N";"14.45";"38.50";"4";"4.00";"18.00";" "
"42816";"78";"2019-04-25";"10:40:37.000";"8407";"43";"3";"Beverages";"LemonGrassLg";"3";"0";"Eugenia";"2018-10-13";"F";"1980";"OlderMillennials";"Y";"2";"3";"1.34";"4.99";"Y";"4.00";"14.95";"6";"9.45";"18.00";" "
"43110";"1402";"2019-04-25";"9:19:33.000";"8407";"12";"8.95";"WholeBea";"Peppermint";"9";"1";"Eugenia";"2018-10-13";"F";"1980";"OlderMillennials";"N";"1";"3";"1.34";"4.99";"Y";"4.00";"14.95";"2";"2.00";"17.90";" "
"43122";"1432";"2019-04-25";"7:58:33.000";"8407";"43";"3";"Beverages";"LemonGrassLg";"3";"0";"Eugenia";"2018-10-13";"F";"1980";"OlderMillennials";"Y";"1";"3";"1.34";"4.99";"Y";"4.00";"14.95";"6";"9.45";"18.00";" "
"43161";"1630";"2019-04-25";"17:54:24.000";"8376";"35";"3.1";"Beverages";"JamaicanCoffeeRiverRg";"3";"0";"Ivana";"2017-07-03";"F";"1995";"GenZ";"Y";"1";"1";"1.00";"3.10";"Y";"1.00";"3.10";"9";"15.00";"27.90";" "
"43176";"1700";"2019-04-25";"16:06:12.000";"8086";"54";"2.5";"Beverages";"MorningSunriseChaiRg";"3";"0";"Damon";"2018-03-20";"M";"1983";"OlderMillennials";"Y";"1";"2";"1.50";"2.30";"Y";"3.00";"4.60";"16";"24.00";"40.00";" "
"43232";"1941";"2019-04-25";"12:51:26.000";"8086";"87";"2.1";"Beverages";"OuroBrasileiroshot";"3";"1";"Damon";"2018-03-20";"M";"1983";"OlderMillennials";"Y";"2";"2";"1.50";"2.30";"Y";"3.00";"4.60";"4";"5.00";"9.30";" "
"43244";"1992";"2019-04-25";"11:31:34.000";"8076";"69";"3.25";"Food";"HazelnutBiscotti";"4";"1";"Stuart";"2018-03-03";"M";"1968";"GenX";"Y";"1";"4";"1.50";"2.82";"N";"6.00";"11.25";"6";"6.00";"20.31";" "
"43288";"2219";"2019-04-25";"12:42:13.000";"8076";"48";"2.5";"Beverages";"EnglishBreakfastRg";"3";"0";"Stuart";"2018-03-03";"M";"1968";"GenX";"N";"2";"4";"1.50";"2.82";"N";"6.00";"11.25";"8";"12.45";"20.00";" "
"43574";"1687";"2019-04-26";"9:49:31.000";"8076";"30";"3";"Beverages";"ColumbianMediumRoastLg";"3";"1";"Stuart";"2018-03-03";"M";"1968";"GenX";"N";"1";"4";"1.50";"2.82";"N";"6.00";"11.25";"8";"9.00";"24.00";" "
"43684";"2295";"2019-04-26";"10:26:37.000";"8076";"48";"2.5";"Beverages";"EnglishBreakfastRg";"3";"1";"Stuart";"2018-03-03";"M";"1968";"GenX";"N";"2";"4";"1.50";"2.82";"N";"6.00";"11.25";"8";"12.45";"20.00";" "
"43815";"3117";"2019-04-26";"12:38:10.000";"23";"44";"2.5";"Beverages";"PeppermintRg";"3";"0";"RaphaelWatkins";"2017-03-06";"M";"1954";"BabyBoomers";"Y";"2";"3";"1.67";"2.57";"N";"5.00";"7.70";"13";"21.45";"32.50";" "
"43818";"3140";"2019-04-26";"9:32:01.000";"23";"31";"2.2";"Beverages";"EthiopiaSm";"2";"1";"RaphaelWatkins";"2017-03-06";"M";"1954";"BabyBoomers";"N";"2";"3";"1.67";"2.57";"N";"5.00";"7.70";"9";"16.45";"19.80";" "
"43835";"3280";"2019-04-26";"12:16:27.000";"23";"32";"3";"Beverages";"EthiopiaRg";"3";"1";"RaphaelWatkins";"2017-03-06";"M";"1954";"BabyBoomers";"N";"1";"3";"1.67";"2.57";"N";"5.00";"7.70";"6";"8.00";"18.00";" "
"43875";"3497";"2019-04-26";"13:04:17.000";"254";"26";"3";"Beverages";"BrazilianRg";"3";"1";"TheodoreArmstrong";"2018-12-03";"M";"1993";"YoungerMillennials";"Y";"1";"1";"1.00";"3.00";"Y";"1.00";"3.00";"7";"10.00";"21.00";" "
"43879";"3565";"2019-04-26";"9:01:59.000";"694";"56";"2.55";"Beverages";"SpicyEyeOpenerChaiRg";"3";"0";"CarynParrish";"2019-03-27";"F";"2000";"GenZ";"Y";"2";"1";"2.00";"2.55";"Y";"2.00";"2.55";"14";"21.45";"35.70";" "
"43965";"3997";"2019-04-26";"12:56:45.000";"211";"56";"2.55";"Beverages";"SpicyEyeOpenerChaiRg";"3";"0";"JesseWalter";"2018-08-06";"M";"1986";"OlderMillennials";"Y";"2";"2";"2.00";"3.03";"N";"4.00";"6.05";"14";"21.45";"35.70";" "
"43980";"4125";"2019-04-26";"14:20:34.000";"211";"27";"3.5";"Beverages";"BrazilianLg";"4";"1";"JesseWalter";"2018-08-06";"M";"1986";"OlderMillennials";"N";"2";"2";"2.00";"3.03";"N";"4.00";"6.05";"9";"16.00";"31.50";" "
"44056";"236";"2019-04-26";"10:37:14.000";"5009";"27";"3.5";"Beverages";"BrazilianLg";"4";"1";"Barry";"2019-03-01";"M";"1998";"GenZ";"N";"2";"4";"1.25";"3.69";"N";"5.00";"14.75";"9";"16.00";"31.50";" "
"44139";"524";"2019-04-26";"6:29:58.000";"5009";"58";"3.5";"Beverages";"DarkchocolateRg";"4";"0";"Barry";"2019-03-01";"M";"1998";"GenZ";"Y";"1";"4";"1.25";"3.69";"N";"5.00";"14.75";"3";"3.00";"10.50";" "
"44265";"1001";"2019-04-26";"10:53:41.000";"5009";"60";"3.75";"Beverages";"SustainablyGrownOrganicRg";"4";"0";"Barry";"2019-03-01";"M";"1998";"GenZ";"N";"1";"4";"1.25";"3.69";"N";"5.00";"14.75";"11";"15.45";"41.25";" "
"44362";"1428";"2019-04-26";"16:21:01.000";"5009";"55";"4";"Beverages";"MorningSunriseChaiLg";"4";"0";"Barry";"2019-03-01";"M";"1998";"GenZ";"Y";"1";"4";"1.25";"3.69";"N";"5.00";"14.75";"15";"27.00";"60.00";" "
"44452";"1827";"2019-04-26";"13:30:58.000";"5447";"76";"3.5";"Food";"ChocolateChipBiscotti";"4";"0";"Declan";"2018-07-04";"N";"1994";"YoungerMillennials";"Y";"1";"2";"1.50";"3.00";"N";"3.00";"6.00";"5";"5.00";"17.50";" "
"44461";"1857";"2019-04-26";"11:48:24.000";"5447";"44";"2.5";"Beverages";"PeppermintRg";"3";"0";"Declan";"2018-07-04";"N";"1994";"YoungerMillennials";"N";"2";"2";"1.50";"3.00";"N";"3.00";"6.00";"13";"21.45";"32.50";" "
"44627";"587";"2019-04-26";"9:51:15.000";"8384";"61";"4.75";"Beverages";"SustainablyGrownOrganicLg";"5";"0";"Leandra";"2018-02-28";"F";"1991";"YoungerMillennials";"N";"1";"4";"1.12";"4.89";"N";"4.45";"19.55";"12";"17.45";"57.00";" "
"44699";"942";"2019-04-26";"9:37:00.000";"8384";"15";"9.25";"WholeBea";"SerenityGreenTea";"9";"0";"Leandra";"2018-02-28";"F";"1991";"YoungerMillennials";"N";"1";"4";"1.12";"4.89";"N";"4.45";"19.55";"1";"1.00";"9.25";" "
"44701";"944";"2019-04-26";"11:14:14.000";"8384";"35";"3.1";"Beverages";"JamaicanCoffeeRiverRg";"3";"0";"Leandra";"2018-02-28";"F";"1991";"YoungerMillennials";"Y";"1";"4";"1.12";"4.89";"N";"4.45";"19.55";"9";"15.00";"27.90";" "
"44733";"1063";"2019-04-26";"11:26:52.000";"8384";"34";"2.45";"Beverages";"JamaicanCoffeeRiverSm";"2";"1";"Leandra";"2018-02-28";"F";"1991";"YoungerMillennials";"Y";"1";"4";"1.12";"4.89";"N";"4.45";"19.55";"13";"18.00";"31.85";" "
"44736";"1070";"2019-04-26";"9:17:05.000";"8311";"20";"7.6";"WholeBea";"SustainablyGrownOrganic";"8";"0";"Hanna";"2017-03-27";"F";"1967";"GenX";"N";"1";"8";"1.56";"3.42";"Y";"12.45";"27.35";"1";"1.00";"7.60";" "
"44803";"1362";"2019-04-26";"10:14:12.000";"8311";"31";"2.2";"Beverages";"EthiopiaSm";"2";"0";"Hanna";"2017-03-27";"F";"1967";"GenX";"N";"2";"8";"1.56";"3.42";"Y";"12.45";"27.35";"9";"16.45";"19.80";" "
"44843";"1537";"2019-04-26";"16:32:19.000";"8311";"41";"4.25";"Beverages";"CappuccinoLg";"4";"1";"Hanna";"2017-03-27";"F";"1967";"GenX";"Y";"1";"8";"1.56";"3.42";"Y";"12.45";"27.35";"9";"12.90";"38.25";" "
"44844";"1537";"2019-04-26";"16:32:19.000";"8311";"84";"0.8";"Add-ons";"Chocolatesyrup";"1";"0";"Hanna";"2017-03-27";"F";"1967";"GenX";"Y";"2";"8";"1.56";"3.42";"Y";"12.45";"27.35";"10";"17.00";"8.00";" "
"44973";"2081";"2019-04-26";"16:59:50.000";"8311";"30";"3";"Beverages";"ColumbianMediumRoastLg";"3";"1";"Hanna";"2017-03-27";"F";"1967";"GenX";"Y";"1";"8";"1.56";"3.42";"Y";"12.45";"27.35";"8";"9.00";"24.00";" "
"44995";"2252";"2019-04-26";"17:17:13.000";"8311";"33";"3.5";"Beverages";"EthiopiaLg";"4";"0";"Hanna";"2017-03-27";"F";"1967";"GenX";"Y";"2";"8";"1.56";"3.42";"Y";"12.45";"27.35";"10";"20.00";"35.00";" "
"45081";"293";"2019-04-27";"13:22:20.000";"8311";"49";"3";"Beverages";"EnglishBreakfastLg";"3";"0";"Hanna";"2017-03-27";"F";"1967";"GenX";"Y";"2";"8";"1.56";"3.42";"Y";"12.45";"27.35";"12";"16.00";"36.00";" "
"45250";"1489";"2019-04-27";"8:04:51.000";"330";"76";"3.5";"Food";"ChocolateChipBiscotti";"4";"0";"ChandaMarks";"2017-03-05";"F";"1954";"BabyBoomers";"N";"1";"6";"1.50";"3.67";"Y";"9.00";"22.00";"5";"5.00";"17.50";" "
"45408";"2503";"2019-04-27";"11:56:08.000";"330";"39";"4.25";"Beverages";"LatteRg";"4";"1";"ChandaMarks";"2017-03-05";"F";"1954";"BabyBoomers";"Y";"1";"6";"1.50";"3.67";"Y";"9.00";"22.00";"12";"17.00";"51.00";" "
"45450";"2858";"2019-04-27";"14:54:21.000";"330";"36";"3.75";"Beverages";"JamaicanCoffeeRiverLg";"4";"0";"ChandaMarks";"2017-03-05";"F";"1954";"BabyBoomers";"Y";"2";"6";"1.50";"3.67";"Y";"9.00";"22.00";"12";"15.00";"45.00";" "
"45511";"3255";"2019-04-27";"17:07:02.000";"330";"41";"4.25";"Beverages";"CappuccinoLg";"4";"0";"ChandaMarks";"2017-03-05";"F";"1954";"BabyBoomers";"Y";"2";"6";"1.50";"3.67";"Y";"9.00";"22.00";"9";"12.90";"38.25";" "
"45536";"3425";"2019-04-27";"16:11:30.000";"330";"23";"2.5";"Beverages";"OurOldTimeDinerBlendRg";"3";"0";"ChandaMarks";"2017-03-05";"F";"1954";"BabyBoomers";"Y";"2";"6";"1.50";"3.67";"Y";"9.00";"22.00";"8";"12.45";"20.00";" "
"45586";"3699";"2019-04-27";"15:42:29.000";"330";"36";"3.75";"Beverages";"JamaicanCoffeeRiverLg";"4";"0";"ChandaMarks";"2017-03-05";"F";"1954";"BabyBoomers";"Y";"1";"6";"1.50";"3.67";"Y";"9.00";"22.00";"12";"15.00";"45.00";" "
"45665";"18";"2019-04-27";"10:08:05.000";"5571";"36";"3.75";"Beverages";"JamaicanCoffeeRiverLg";"4";"1";"Kirsten";"2017-07-25";"F";"1962";"BabyBoomers";"Y";"1";"2";"1.00";"2.98";"N";"2.00";"5.95";"12";"15.00";"45.00";" "
"45705";"50";"2019-04-27";"7:22:08.000";"5571";"25";"2.2";"Beverages";"BrazilianSm";"2";"1";"Kirsten";"2017-07-25";"F";"1962";"BabyBoomers";"N";"1";"2";"1.00";"2.98";"N";"2.00";"5.95";"6";"11.00";"13.20";" "
"45801";"125";"2019-04-27";"10:56:48.000";"5045";"53";"3";"Beverages";"TraditionalBlendChaiLg";"3";"1";"Hall";"2019-04-09";"M";"2001";"GenZ";"N";"2";"4";"2.50";"2.82";"N";"10.00";"11.25";"11";"17.00";"33.00";" "
"45820";"138";"2019-04-27";"9:36:00.000";"5045";"28";"2";"Beverages";"ColumbianMediumRoastSm";"2";"0";"Hall";"2019-04-09";"M";"2001";"GenZ";"N";"3";"4";"2.50";"2.82";"N";"10.00";"11.25";"11";"18.00";"22.00";" "
"45835";"150";"2019-04-27";"8:15:26.000";"5045";"40";"3.75";"Beverages";"Cappuccino";"4";"0";"Hall";"2019-04-09";"M";"2001";"GenZ";"Y";"2";"4";"2.50";"2.82";"N";"10.00";"11.25";"7";"12.00";"26.25";" "
"46143";"376";"2019-04-27";"18:22:40.000";"5045";"46";"2.5";"Beverages";"SerenityGreenTeaRg";"3";"1";"Hall";"2019-04-09";"M";"2001";"GenZ";"Y";"3";"4";"2.50";"2.82";"N";"10.00";"11.25";"4";"7.00";"10.00";" "
"46149";"380";"2019-04-27";"13:26:01.000";"5861";"44";"2.5";"Beverages";"PeppermintRg";"3";"1";"Burke";"2017-10-03";"M";"1967";"GenX";"Y";"1";"6";"1.50";"2.73";"N";"9.00";"16.35";"13";"21.45";"32.50";" "
"46182";"400";"2019-04-27";"16:50:11.000";"5861";"29";"2.5";"Beverages";"ColumbianMediumRoastRg";"3";"1";"Burke";"2017-10-03";"M";"1967";"GenX";"N";"3";"6";"1.50";"2.73";"N";"9.00";"16.35";"13";"19.00";"32.50";" "
"46186";"403";"2019-04-27";"15:19:35.000";"5861";"70";"3.25";"Food";"CranberryScone";"3";"1";"Burke";"2017-10-03";"M";"1967";"GenX";"N";"1";"6";"1.50";"2.73";"N";"9.00";"16.35";"5";"5.00";"16.25";" "
"46428";"130";"2019-04-27";"10:01:11.000";"5861";"87";"2.1";"Beverages";"OuroBrasileiroshot";"3";"0";"Burke";"2017-10-03";"M";"1967";"GenX";"N";"1";"6";"1.50";"2.73";"N";"9.00";"16.35";"4";"5.00";"9.30";" "
"46606";"280";"2019-04-27";"10:02:19.000";"5861";"74";"3.5";"Food";"GingerBiscotti";"4";"0";"Burke";"2017-10-03";"M";"1967";"GenX";"N";"1";"6";"1.50";"2.73";"N";"9.00";"16.35";"3";"3.00";"10.50";" "
"46704";"358";"2019-04-27";"15:28:32.000";"5861";"29";"2.5";"Beverages";"ColumbianMediumRoastRg";"3";"0";"Burke";"2017-10-03";"M";"1967";"GenX";"Y";"2";"6";"1.50";"2.73";"N";"9.00";"16.35";"13";"19.00";"32.50";" "
"46940";"356";"2019-04-28";"8:03:51.000";"664";"27";"3.5";"Beverages";"BrazilianLg";"4";"1";"PortiaAcevedo";"2019-01-24";"F";"1996";"GenZ";"N";"1";"7";"1.43";"2.73";"N";"10.00";"19.05";"9";"16.00";"31.50";" "
"46956";"470";"2019-04-28";"14:01:10.000";"664";"77";"3";"Food";"OatmealScone";"3";"0";"PortiaAcevedo";"2019-01-24";"F";"1996";"GenZ";"N";"1";"7";"1.43";"2.73";"N";"10.00";"19.05";"12";"12.00";"36.00";" "
"47056";"1297";"2019-04-28";"7:00:19.000";"664";"24";"3";"Beverages";"OurOldTimeDinerBlendLg";"3";"1";"PortiaAcevedo";"2019-01-24";"F";"1996";"GenZ";"N";"2";"7";"1.43";"2.73";"N";"10.00";"19.05";"12";"17.45";"36.00";" "
"47133";"1858";"2019-04-28";"7:40:20.000";"664";"54";"2.5";"Beverages";"MorningSunriseChaiRg";"3";"1";"PortiaAcevedo";"2019-01-24";"F";"1996";"GenZ";"Y";"1";"7";"1.43";"2.73";"N";"10.00";"19.05";"16";"24.00";"40.00";" "
"47144";"1938";"2019-04-28";"17:18:03.000";"664";"50";"2.5";"Beverages";"EarlGreyRg";"3";"0";"PortiaAcevedo";"2019-01-24";"F";"1996";"GenZ";"Y";"1";"7";"1.43";"2.73";"N";"10.00";"19.05";"15";"23.00";"37.50";" "
"47176";"2165";"2019-04-28";"17:18:25.000";"664";"56";"2.55";"Beverages";"SpicyEyeOpenerChaiRg";"3";"1";"PortiaAcevedo";"2019-01-24";"F";"1996";"GenZ";"N";"2";"7";"1.43";"2.73";"N";"10.00";"19.05";"14";"21.45";"35.70";" "
"47329";"3164";"2019-04-28";"17:15:00.000";"664";"22";"2";"Beverages";"OurOldTimeDinerBlendSm";"2";"1";"PortiaAcevedo";"2019-01-24";"F";"1996";"GenZ";"Y";"2";"7";"1.43";"2.73";"N";"10.00";"19.05";"7";"10.00";"14.00";" "
"47392";"3640";"2019-04-28";"10:19:06.000";"97";"77";"3";"Food";"OatmealScone";"3";"0";"JonahKent";"2017-09-26";"M";"1966";"GenX";"N";"1";"1";"1.00";"3.00";"N";"1.00";"3.00";"12";"12.00";"36.00";" "
"47553";"128";"2019-04-28";"9:00:48.000";"5461";"54";"2.5";"Beverages";"MorningSunriseChaiRg";"3";"1";"Griffin";"2017-05-24";"M";"1959";"BabyBoomers";"N";"2";"1";"2.00";"2.50";"N";"2.00";"2.50";"16";"24.00";"40.00";" "
"47559";"138";"2019-04-28";"10:16:18.000";"5110";"37";"3";"Beverages";"Espressoshot";"3";"1";"Ursula";"2018-12-01";"N";"1997";"GenZ";"N";"1";"2";"1.50";"3.00";"N";"3.00";"6.00";"6";"7.00";"18.00";" "
"47661";"301";"2019-04-28";"12:25:18.000";"5381";"31";"2.2";"Beverages";"EthiopiaSm";"2";"1";"Xena";"2018-02-01";"F";"1974";"GenX";"N";"1";"1";"1.45";"2.20";"N";"1.45";"2.20";"9";"16.45";"19.80";" "
"47694";"369";"2019-04-28";"8:28:50.000";"5263";"61";"4.75";"Beverages";"SustainablyGrownOrganicLg";"5";"1";"Pearl";"2017-08-12";"F";"1963";"BabyBoomers";"N";"2";"1";"2.00";"4.75";"N";"2.00";"4.75";"12";"17.45";"57.00";" "
"47756";"456";"2019-04-28";"10:23:34.000";"5407";"29";"2.5";"Beverages";"ColumbianMediumRoastRg";"3";"1";"Brenna";"2018-06-16";"F";"1982";"OlderMillennials";"N";"1";"1";"1.00";"2.50";"N";"1.00";"2.50";"13";"19.00";"32.50";" "
"47776";"485";"2019-04-28";"8:12:50.000";"5378";"43";"3";"Beverages";"LemonGrassLg";"3";"1";"Hilary";"2018-08-13";"N";"1995";"GenZ";"N";"2";"1";"2.00";"3.00";"N";"2.00";"3.00";"6";"9.45";"18.00";" "
"47885";"668";"2019-04-28";"12:24:26.000";"5535";"57";"3.1";"Beverages";"SpicyEyeOpenerChaiLg";"3";"1";"Ayanna";"2017-01-24";"F";"1951";"BabyBoomers";"Y";"1";"4";"1.50";"2.99";"N";"6.00";"11.95";"10";"14.00";"31.00";" "
"47951";"5";"2019-04-28";"15:03:48.000";"5535";"87";"2.1";"Beverages";"OuroBrasileiroshot";"3";"1";"Ayanna";"2017-01-24";"F";"1951";"BabyBoomers";"N";"1";"4";"1.50";"2.99";"N";"6.00";"11.95";"4";"5.00";"9.30";" "
"47994";"71";"2019-04-28";"9:05:49.000";"5535";"60";"3.75";"Beverages";"SustainablyGrownOrganicRg";"4";"1";"Ayanna";"2017-01-24";"F";"1951";"BabyBoomers";"N";"2";"4";"1.50";"2.99";"N";"6.00";"11.95";"11";"15.45";"41.25";" "
"48083";"239";"2019-04-28";"8:08:00.000";"5535";"32";"3";"Beverages";"EthiopiaRg";"3";"0";"Ayanna";"2017-01-24";"F";"1951";"BabyBoomers";"N";"2";"4";"1.50";"2.99";"N";"6.00";"11.95";"6";"8.00";"18.00";" "
"48217";"426";"2019-04-28";"13:07:18.000";"8158";"28";"2";"Beverages";"ColumbianMediumRoastSm";"2";"0";"Martina";"2018-09-30";"F";"1987";"OlderMillennials";"Y";"1";"1";"1.00";"2.00";"Y";"1.00";"2.00";"11";"18.00";"22.00";" "
"48326";"601";"2019-04-28";"19:33:39.000";"8374";"43";"3";"Beverages";"LemonGrassLg";"3";"0";"Thaddeus";"2018-10-05";"M";"1989";"OlderMillennials";"Y";"1";"1";"1.45";"3.00";"Y";"1.45";"3.00";"6";"9.45";"18.00";" "
"48364";"663";"2019-04-28";"12:17:40.000";"8282";"55";"4";"Beverages";"MorningSunriseChaiLg";"4";"1";"Ignatius";"2017-07-10";"N";"1999";"GenZ";"Y";"2";"1";"2.00";"4.00";"Y";"2.00";"4.00";"15";"27.00";"60.00";" "
"48554";"811";"2019-04-29";"14:10:59.000";"740";"53";"3";"Beverages";"TraditionalBlendChaiLg";"3";"1";"ConanBurris";"2017-11-28";"N";"1970";"GenX";"N";"2";"3";"1.34";"2.84";"N";"4.00";"8.50";"11";"17.00";"33.00";" "
"48569";"928";"2019-04-29";"8:36:25.000";"740";"29";"2.5";"Beverages";"ColumbianMediumRoastRg";"3";"1";"ConanBurris";"2017-11-28";"N";"1970";"GenX";"N";"1";"3";"1.34";"2.84";"N";"4.00";"8.50";"13";"19.00";"32.50";" "
"48603";"1168";"2019-04-29";"18:27:02.000";"740";"49";"3";"Beverages";"EnglishBreakfastLg";"3";"0";"ConanBurris";"2017-11-28";"N";"1970";"GenX";"N";"1";"3";"1.34";"2.84";"N";"4.00";"8.50";"12";"16.00";"36.00";" "
"48674";"1734";"2019-04-29";"7:03:40.000";"494";"53";"3";"Beverages";"TraditionalBlendChaiLg";"3";"0";"IvoryRojas";"2018-02-07";"F";"1974";"GenX";"Y";"1";"1";"1.00";"3.00";"Y";"1.00";"3.00";"11";"17.00";"33.00";" "
"48733";"2101";"2019-04-29";"19:32:52.000";"65";"55";"4";"Beverages";"MorningSunriseChaiLg";"4";"1";"LukeBeasley";"2017-06-30";"M";"1961";"BabyBoomers";"Y";"2";"4";"1.50";"3.00";"N";"6.00";"12.00";"15";"27.00";"60.00";" "
"48757";"2335";"2019-04-29";"15:01:31.000";"65";"30";"3";"Beverages";"ColumbianMediumRoastLg";"3";"0";"LukeBeasley";"2017-06-30";"M";"1961";"BabyBoomers";"N";"1";"4";"1.50";"3.00";"N";"6.00";"12.00";"8";"9.00";"24.00";" "
"48769";"2412";"2019-04-29";"12:00:06.000";"65";"42";"2.5";"Beverages";"LemonGrassRg";"3";"1";"LukeBeasley";"2017-06-30";"M";"1961";"BabyBoomers";"N";"2";"4";"1.50";"3.00";"N";"6.00";"12.00";"10";"20.00";"25.00";" "
"48884";"3170";"2019-04-29";"19:44:20.000";"65";"44";"2.5";"Beverages";"PeppermintRg";"3";"0";"LukeBeasley";"2017-06-30";"M";"1961";"BabyBoomers";"Y";"1";"4";"1.50";"3.00";"N";"6.00";"12.00";"13";"21.45";"32.50";" "
"48926";"3532";"2019-04-29";"12:10:01.000";"627";"38";"3.75";"Beverages";"Latte";"4";"0";"LesleyWells";"2018-11-09";"F";"1991";"YoungerMillennials";"N";"2";"3";"2.00";"3.10";"N";"6.00";"9.30";"8";"12.00";"30.00";" "
"48938";"3675";"2019-04-29";"11:05:41.000";"627";"35";"3.1";"Beverages";"JamaicanCoffeeRiverRg";"3";"0";"LesleyWells";"2018-11-09";"F";"1991";"YoungerMillennials";"N";"2";"3";"2.00";"3.10";"N";"6.00";"9.30";"9";"15.00";"27.90";" "
"49006";"4195";"2019-04-29";"14:56:16.000";"627";"34";"2.45";"Beverages";"JamaicanCoffeeRiverSm";"2";"1";"LesleyWells";"2018-11-09";"F";"1991";"YoungerMillennials";"Y";"2";"3";"2.00";"3.10";"N";"6.00";"9.30";"13";"18.00";"31.85";" "
"49070";"97";"2019-04-29";"16:54:59.000";"5395";"78";"4.5";"Food";"ScottishCreamScone";"5";"0";"Dacey";"2018-02-03";"F";"1974";"GenX";"Y";"1";"1";"1.00";"4.50";"Y";"1.00";"4.50";"4";"4.00";"18.00";" "
"49268";"412";"2019-04-29";"16:50:50.000";"5896";"22";"2";"Beverages";"OurOldTimeDinerBlendSm";"2";"1";"Hoyt";"2019-01-27";"N";"1999";"GenZ";"Y";"1";"1";"1.00";"2.00";"Y";"1.00";"2.00";"7";"10.00";"14.00";" "
"49360";"552";"2019-04-29";"7:06:04.000";"5015";"61";"4.75";"Beverages";"SustainablyGrownOrganicLg";"5";"1";"Quintessa";"2017-09-23";"F";"1966";"GenX";"N";"1";"1";"1.00";"4.75";"N";"1.00";"4.75";"12";"17.45";"57.00";" "
"49503";"50";"2019-04-29";"17:44:00.000";"8101";"49";"3";"Beverages";"EnglishBreakfastLg";"3";"0";"Summer";"2018-12-20";"F";"1974";"GenX";"Y";"1";"2";"1.00";"3.63";"N";"2.00";"7.25";"12";"16.00";"36.00";" "
"49758";"498";"2019-04-29";"17:21:17.000";"8101";"39";"4.25";"Beverages";"LatteRg";"4";"0";"Summer";"2018-12-20";"F";"1974";"GenX";"N";"1";"2";"1.00";"3.63";"N";"2.00";"7.25";"12";"17.00";"51.00";" "
"49883";"740";"2019-04-29";"8:16:20.000";"8026";"41";"4.25";"Beverages";"CappuccinoLg";"4";"1";"Alexander";"2018-11-15";"M";"1962";"BabyBoomers";"Y";"1";"1";"1.00";"4.25";"Y";"1.00";"4.25";"9";"12.90";"38.25";" "
