customer_id,customer_firstName,customer_since,gender,birth_year,generation
1,Kelly Key,4/1/2017,M,1950,Baby Boomers
2,Clark Schroeder,7/1/2017,M,1950,Baby Boomers
3,Elvis Cardenas,10/1/2017,M,1950,Baby Boomers
4,Rafael Estes,13/1/2017,M,1950,Baby Boomers
5,Colin Lynn,15/1/2017,M,1951,Baby Boomers
6,Igor Beach,18/1/2017,M,1951,Baby Boomers
7,Scott Holden,21/1/2017,M,1951,Baby Boomers
8,Keegan Ayala,24/1/2017,M,1951,Baby Boomers
9,Amir Byers,26/1/2017,M,1951,Baby Boomers
10,Magee Malone,29/1/2017,M,1951,Baby Boomers
11,Dolan Petty,1/2/2017,M,1952,Baby Boomers
12,Wang Hebert,4/2/2017,M,1952,Baby Boomers
13,Wayne David,6/2/2017,M,1952,Baby Boomers
14,Colin Fernandez,9/2/2017,M,1952,Baby Boomers
15,Holmes Blankenship,12/2/2017,M,1952,Baby Boomers
16,Ali French,15/2/2017,M,1952,Baby Boomers
17,Josiah Burton,17/2/2017,M,1953,Baby Boomers
18,Drew Skinner,20/2/2017,M,1953,Baby Boomers
19,Henry Wilcox,23/2/2017,M,1953,Baby Boomers
20,Nathan Riggs,26/2/2017,M,1953,Baby Boomers
21,Mufutau Rosa,28/2/2017,M,1953,Baby Boomers
22,Channing Larson,3/3/2017,M,1953,Baby Boomers
23,Raphael Watkins,6/3/2017,M,1954,Baby Boomers
24,Avram Cooper,9/3/2017,M,1954,Baby Boomers
25,Drake Valentine,11/3/2017,M,1954,Baby Boomers
26,Samuel Gallagher,14/3/2017,M,1954,Baby Boomers
27,Adrian Carlson,17/3/2017,M,1954,Baby Boomers
28,Harding Jarvis,20/3/2017,M,1954,Baby Boomers
29,Jackson Buckley,22/3/2017,M,1955,Baby Boomers
30,Wing Bush,25/3/2017,M,1955,Baby Boomers
31,Hedley Dorsey,28/3/2017,M,1955,Baby Boomers
32,Griffith Lindsay,31/3/2017,M,1955,Baby Boomers
33,Mason Stout,2/4/2017,M,1955,Baby Boomers
34,Murphy Mckee,5/4/2017,M,1956,Baby Boomers
35,Colton Ford,8/4/2017,M,1956,Baby Boomers
36,Beck Pearson,11/4/2017,M,1956,Baby Boomers
37,Noble Christensen,13/4/2017,M,1956,Baby Boomers
38,Xanthus Puckett,16/4/2017,M,1956,Baby Boomers
39,Hakeem Bowers,19/4/2017,M,1956,Baby Boomers
40,Lucas Copeland,22/4/2017,M,1957,Baby Boomers
41,Harrison Cash,25/4/2017,M,1957,Baby Boomers
42,Todd Mckay,27/4/2017,M,1957,Baby Boomers
43,Caldwell Rosales,30/4/2017,M,1957,Baby Boomers
44,Ciaran Owens,3/5/2017,M,1957,Baby Boomers
45,Harper Figueroa,6/5/2017,M,1957,Baby Boomers
46,Zephania Yates,8/5/2017,M,1958,Baby Boomers
47,Caleb Miranda,11/5/2017,M,1958,Baby Boomers
48,Simon Armstrong,14/5/2017,M,1958,Baby Boomers
49,Dale Holmes,17/5/2017,M,1958,Baby Boomers
50,Elton Lester,19/5/2017,M,1958,Baby Boomers
51,Valentine Joseph,22/5/2017,M,1958,Baby Boomers
52,Drake Ochoa,25/5/2017,M,1959,Baby Boomers
53,Robert Salas,28/5/2017,M,1959,Baby Boomers
54,Ferris Kidd,30/5/2017,M,1959,Baby Boomers
55,Justin Hart,2/6/2017,M,1959,Baby Boomers
56,Reed Holman,5/6/2017,M,1959,Baby Boomers
57,Kuame Cantu,8/6/2017,M,1959,Baby Boomers
58,Adrian Carson,10/6/2017,M,1960,Baby Boomers
59,Peter Hernandez,13/6/2017,M,1960,Baby Boomers
60,Raymond Forbes,16/6/2017,M,1960,Baby Boomers
61,Tate Solis,19/6/2017,M,1960,Baby Boomers
62,Valentine Butler,21/6/2017,M,1960,Baby Boomers
63,Lamar Chen,24/6/2017,M,1960,Baby Boomers
64,Macon Rush,27/6/2017,M,1961,Baby Boomers
65,Luke Beasley,30/6/2017,M,1961,Baby Boomers
66,Armando Faulkner,2/7/2017,M,1961,Baby Boomers
67,Barclay Clarke,5/7/2017,M,1961,Baby Boomers
68,Tanek Craig,8/7/2017,M,1961,Baby Boomers
69,Caesar Estes,11/7/2017,M,1961,Baby Boomers
70,Ivor Levine,13/7/2017,M,1962,Baby Boomers
71,Hall Patel,16/7/2017,M,1962,Baby Boomers
72,Axel Fields,19/7/2017,M,1962,Baby Boomers
73,Geoffrey Wright,22/7/2017,M,1962,Baby Boomers
74,Conan Glenn,24/7/2017,M,1962,Baby Boomers
75,Giacomo Luna,27/7/2017,M,1962,Baby Boomers
76,Bruce Blackwell,30/7/2017,M,1963,Baby Boomers
77,Cullen Romero,2/8/2017,M,1963,Baby Boomers
78,Kato Bentley,5/8/2017,M,1963,Baby Boomers
79,Brandon Walter,7/8/2017,M,1963,Baby Boomers
80,Benjamin Mcguire,10/8/2017,M,1963,Baby Boomers
81,Donovan Russo,13/8/2017,M,1964,Baby Boomers
82,Conan Meyers,16/8/2017,M,1964,Baby Boomers
83,Cedric Duke,18/8/2017,M,1964,Baby Boomers
84,Kareem Sanchez,21/8/2017,M,1964,Baby Boomers
85,Kibo Mayo,24/8/2017,M,1964,Baby Boomers
86,Jack Mcdowell,27/8/2017,M,1964,Baby Boomers
87,Porter Green,29/8/2017,M,1965,Gen X
88,Hedley Fitzpatrick,1/9/2017,M,1965,Gen X
89,Addison Barrera,4/9/2017,M,1965,Gen X
90,Brendan Mitchell,7/9/2017,M,1965,Gen X
91,Hu Daniel,9/9/2017,M,1965,Gen X
92,Christian Massey,12/9/2017,M,1965,Gen X
93,Ian Jimenez,15/9/2017,M,1966,Gen X
94,Ignatius Fitzpatrick,18/9/2017,M,1966,Gen X
95,Gabriel Vargas,20/9/2017,M,1966,Gen X
96,Nigel Yates,23/9/2017,M,1966,Gen X
97,Jonah Kent,26/9/2017,M,1966,Gen X
98,Duncan Arnold,29/9/2017,M,1966,Gen X
99,Orlando Shields,1/10/2017,M,1967,Gen X
100,Boris Estrada,4/10/2017,M,1967,Gen X
101,Castor Savage,7/10/2017,M,1967,Gen X
102,Tyrone Armstrong,10/10/2017,M,1967,Gen X
103,Rigel Dalton,12/10/2017,M,1967,Gen X
104,Oleg Mccray,15/10/2017,M,1967,Gen X
105,Ulric Bradshaw,18/10/2017,M,1968,Gen X
106,Scott Russell,21/10/2017,M,1968,Gen X
107,Akeem Wiley,23/10/2017,M,1968,Gen X
108,Herrod Garrison,26/10/2017,M,1968,Gen X
109,Dennis Leblanc,29/10/2017,M,1968,Gen X
110,Keane Robinson,1/11/2017,M,1968,Gen X
111,Isaiah Stevenson,3/11/2017,M,1969,Gen X
112,Allistair Ramirez,6/11/2017,M,1969,Gen X
113,Gannon Rowe,9/11/2017,M,1969,Gen X
114,Aquila Strong,12/11/2017,M,1969,Gen X
115,Gabriel Hansen,15/11/2017,M,1969,Gen X
116,Reese Gibson,17/11/2017,M,1969,Gen X
117,Lewis Deleon,20/11/2017,M,1970,Gen X
118,Alec Emerson,23/11/2017,M,1970,Gen X
119,Cullen Harrell,26/11/2017,M,1970,Gen X
120,Emery Stokes,28/11/2017,M,1970,Gen X
121,Anthony Santiago,1/12/2017,M,1970,Gen X
122,Jermaine Ray,4/12/2017,M,1970,Gen X
123,Guy Taylor,7/12/2017,M,1971,Gen X
124,Holmes Dorsey,9/12/2017,M,1971,Gen X
125,Alexander Miller,12/12/2017,M,1971,Gen X
126,Mark Baldwin,15/12/2017,M,1971,Gen X
127,Stuart Nunez,18/12/2017,M,1971,Gen X
128,Bernard Callahan,20/12/2017,M,1972,Gen X
129,Travis Carr,23/12/2017,M,1972,Gen X
130,Dale Marquez,26/12/2017,M,1972,Gen X
131,Amal Dejesus,29/12/2017,M,1972,Gen X
132,Tate Albert,31/12/2017,M,1972,Gen X
133,Zahir Webb,3/1/2018,M,1972,Gen X
134,Ian Duncan,6/1/2018,M,1973,Gen X
135,Matthew Mcneil,9/1/2018,M,1973,Gen X
136,Neil Bonner,11/1/2018,M,1973,Gen X
137,Phelan Wiggins,14/1/2018,M,1973,Gen X
138,Gary Padilla,17/1/2018,M,1973,Gen X
139,Beck Griffin,20/1/2018,M,1973,Gen X
140,Elijah Pate,22/1/2018,M,1974,Gen X
141,Marsden Whitaker,25/1/2018,M,1974,Gen X
142,Davis Joyner,28/1/2018,M,1974,Gen X
143,Uriah Schroeder,31/1/2018,M,1974,Gen X
144,Ulysses Mann,2/2/2018,M,1974,Gen X
145,Hamish Cervantes,5/2/2018,M,1974,Gen X
146,Steel Beach,8/2/2018,M,1975,Gen X
147,Armand Williams,11/2/2018,M,1975,Gen X
148,Clinton Savage,13/2/2018,M,1975,Gen X
149,Axel Hewitt,16/2/2018,M,1975,Gen X
150,Ira Carroll,19/2/2018,M,1975,Gen X
151,Jelani Mathis,22/2/2018,M,1975,Gen X
152,Zahir Davenport,25/2/2018,M,1976,Gen X
153,Alexander Rodriguez,27/2/2018,M,1976,Gen X
154,Edan Nichols,2/3/2018,M,1976,Gen X
155,Brian Morse,5/3/2018,M,1976,Gen X
156,Nasim Bruce,8/3/2018,M,1976,Gen X
157,Sylvester Cantrell,10/3/2018,M,1976,Gen X
158,Conan Wilcox,13/3/2018,M,1977,Gen X
159,Drake Murray,16/3/2018,M,1977,Gen X
160,Gray Lawrence,19/3/2018,M,1977,Gen X
161,Clark Kane,21/3/2018,M,1977,Gen X
162,Rajah Watts,24/3/2018,M,1977,Gen X
163,Aidan Fuentes,27/3/2018,M,1977,Gen X
164,Baker Turner,30/3/2018,M,1978,Gen X
165,Gareth Espinoza,1/4/2018,M,1978,Gen X
166,Noah Mendez,4/4/2018,M,1978,Gen X
167,Isaiah Gates,7/4/2018,M,1978,Gen X
168,Ulysses Joseph,10/4/2018,M,1978,Gen X
169,Camden Lyons,12/4/2018,M,1978,Gen X
170,Carl Guthrie,15/4/2018,M,1979,Gen X
171,Warren Church,18/4/2018,M,1979,Gen X
172,Nigel Turner,21/4/2018,M,1979,Gen X
173,Daquan Stephenson,23/4/2018,M,1979,Gen X
174,John Fitzpatrick,26/4/2018,M,1979,Gen X
175,Lawrence Pittman,29/4/2018,M,1980,Older Millennials
176,Ignatius Garza,2/5/2018,M,1980,Older Millennials
177,Jack Small,4/5/2018,M,1980,Older Millennials
178,Carlos Webster,7/5/2018,M,1980,Older Millennials
179,Ray Benton,10/5/2018,M,1980,Older Millennials
180,Calvin Potter,13/5/2018,M,1980,Older Millennials
181,Brenden Lloyd,15/5/2018,M,1981,Older Millennials
182,Vernon Hubbard,18/5/2018,M,1981,Older Millennials
183,Peter Robertson,21/5/2018,M,1981,Older Millennials
184,Xenos Shepard,24/5/2018,M,1981,Older Millennials
185,Rudyard Fletcher,26/5/2018,M,1981,Older Millennials
186,Hedley Compton,29/5/2018,M,1981,Older Millennials
187,Fitzgerald Miles,1/6/2018,M,1982,Older Millennials
188,Odysseus Randall,4/6/2018,M,1982,Older Millennials
189,Jackson Rhodes,7/6/2018,M,1982,Older Millennials
190,Jelani Le,9/6/2018,M,1982,Older Millennials
191,Cullen Lynn,12/6/2018,M,1982,Older Millennials
192,Connor Pacheco,15/6/2018,M,1982,Older Millennials
193,Phillip Mcclure,18/6/2018,M,1983,Older Millennials
194,Adrian Joyce,20/6/2018,M,1983,Older Millennials
195,Kennan Davidson,23/6/2018,M,1983,Older Millennials
196,Damon Hester,26/6/2018,M,1983,Older Millennials
197,Castor Hurst,29/6/2018,M,1983,Older Millennials
198,Wang Morris,1/7/2018,M,1983,Older Millennials
199,Raymond Shaffer,4/7/2018,M,1984,Older Millennials
200,Lance Le,7/7/2018,M,1984,Older Millennials
201,Xanthus Snyder,10/7/2018,M,1984,Older Millennials
202,Henry Maxwell,12/7/2018,M,1984,Older Millennials
203,Mason Hester,15/7/2018,M,1984,Older Millennials
204,Jared Craft,18/7/2018,M,1984,Older Millennials
205,Wallace Cameron,21/7/2018,M,1985,Older Millennials
206,Carter Adkins,23/7/2018,M,1985,Older Millennials
207,Dolan Brady,26/7/2018,M,1985,Older Millennials
208,Zeus England,29/7/2018,M,1985,Older Millennials
209,Gage Robinson,1/8/2018,M,1985,Older Millennials
210,Raphael Strong,3/8/2018,M,1985,Older Millennials
211,Jesse Walter,6/8/2018,M,1986,Older Millennials
212,Cedric Duffy,9/8/2018,M,1986,Older Millennials
213,Talon Elliott,12/8/2018,M,1986,Older Millennials
214,Burke Moss,14/8/2018,M,1986,Older Millennials
215,Ashton Patel,17/8/2018,M,1986,Older Millennials
216,Kennan Weeks,20/8/2018,M,1986,Older Millennials
217,Tyler Key,23/8/2018,M,1987,Older Millennials
218,Ira David,25/8/2018,M,1987,Older Millennials
219,Wyatt Huff,28/8/2018,M,1987,Older Millennials
220,Wing Perkins,31/8/2018,M,1987,Older Millennials
221,Emery Hooper,3/9/2018,M,1987,Older Millennials
222,Curran Maynard,5/9/2018,M,1988,Older Millennials
223,Jakeem Garner,8/9/2018,M,1988,Older Millennials
224,Denton Slater,11/9/2018,M,1988,Older Millennials
225,Kermit Levy,14/9/2018,M,1988,Older Millennials
226,Xanthus Morrow,17/9/2018,M,1988,Older Millennials
227,Ryan Gilliam,19/9/2018,M,1988,Older Millennials
228,Baker Clayton,22/9/2018,M,1989,Older Millennials
229,Craig Mathis,25/9/2018,M,1989,Older Millennials
230,Lars Paul,28/9/2018,M,1989,Older Millennials
231,Nehru Duncan,30/9/2018,M,1989,Older Millennials
232,Justin Massey,3/10/2018,M,1989,Older Millennials
233,Gavin Roth,6/10/2018,M,1989,Older Millennials
234,Samson Zamora,9/10/2018,M,1990,Younger Millennials
235,Lamar Mckenzie,11/10/2018,M,1990,Younger Millennials
236,Thane Burns,14/10/2018,M,1990,Younger Millennials
237,Harper Shelton,17/10/2018,M,1990,Younger Millennials
238,Jacob Clay,20/10/2018,M,1990,Younger Millennials
239,Gareth Barron,22/10/2018,M,1990,Younger Millennials
240,Donovan Cruz,25/10/2018,M,1991,Younger Millennials
241,Wade Moran,28/10/2018,M,1991,Younger Millennials
242,Ali Miranda,31/10/2018,M,1991,Younger Millennials
243,Wyatt Cardenas,2/11/2018,M,1991,Younger Millennials
244,Abbot Charles,5/11/2018,M,1991,Younger Millennials
245,Devin Castillo,8/11/2018,M,1991,Younger Millennials
246,Maxwell Reid,11/11/2018,M,1992,Younger Millennials
247,Charles Cochran,13/11/2018,M,1992,Younger Millennials
248,Fritz Washington,16/11/2018,M,1992,Younger Millennials
249,Cadman Morales,19/11/2018,M,1992,Younger Millennials
250,Forrest Gentry,22/11/2018,M,1992,Younger Millennials
251,Stone Thomas,24/11/2018,M,1992,Younger Millennials
252,Raphael Blake,27/11/2018,M,1993,Younger Millennials
253,Zachary Serrano,30/11/2018,M,1993,Younger Millennials
254,Theodore Armstrong,3/12/2018,M,1993,Younger Millennials
255,Malcolm Fuller,5/12/2018,M,1993,Younger Millennials
256,Uriah Fowler,8/12/2018,M,1993,Younger Millennials
257,Amos Henry,11/12/2018,M,1993,Younger Millennials
258,Harding Meyer,14/12/2018,M,1994,Younger Millennials
259,Roth Shelton,16/12/2018,M,1994,Younger Millennials
260,Chaim Haney,19/12/2018,M,1994,Younger Millennials
261,Barry Everett,22/12/2018,M,1994,Younger Millennials
262,Craig Smith,25/12/2018,M,1994,Younger Millennials
263,Rashad Mckinney,28/12/2018,M,1994,Younger Millennials
264,Noah Butler,30/12/2018,M,1995,Gen Z
265,Geoffrey Bray,2/1/2019,M,1995,Gen Z
266,Tucker Ramos,5/1/2019,M,1995,Gen Z
267,Ira Vang,8/1/2019,M,1995,Gen Z
268,Ezekiel Craig,10/1/2019,M,1995,Gen Z
269,Dolan Clayton,13/1/2019,M,1995,Gen Z
270,Levi Petersen,16/1/2019,M,1996,Gen Z
271,Ashton Dickson,19/1/2019,M,1996,Gen Z
272,Paki Adams,21/1/2019,M,1996,Gen Z
273,Isaiah Fischer,24/1/2019,M,1996,Gen Z
274,Ross Rasmussen,27/1/2019,M,1996,Gen Z
275,Leroy Atkins,30/1/2019,M,1997,Gen Z
276,Alvin Howe,1/2/2019,M,1997,Gen Z
277,Phelan Savage,4/2/2019,M,1997,Gen Z
278,Price Crane,7/2/2019,M,1997,Gen Z
279,Kuame Johnston,10/2/2019,M,1997,Gen Z
280,Perry Goodwin,12/2/2019,M,1997,Gen Z
281,Bernard Benton,15/2/2019,M,1998,Gen Z
282,Henry Clayton,18/2/2019,M,1998,Gen Z
283,Stewart Horn,21/2/2019,M,1998,Gen Z
284,Yuli Colon,23/2/2019,M,1998,Gen Z
285,Tate Rutledge,26/2/2019,M,1998,Gen Z
286,Josiah Rosales,1/3/2019,M,1998,Gen Z
287,Brody Slater,4/3/2019,M,1999,Gen Z
288,Seth Rutledge,6/3/2019,M,1999,Gen Z
289,Gregory Hardy,9/3/2019,M,1999,Gen Z
290,Ferris Horn,12/3/2019,M,1999,Gen Z
291,Samuel Callahan,15/3/2019,M,1999,Gen Z
292,Eric Richmond,17/3/2019,M,1999,Gen Z
293,Roth Mccall,20/3/2019,M,2000,Gen Z
294,Ciaran English,23/3/2019,M,2000,Gen Z
295,Russell Oneill,26/3/2019,M,2000,Gen Z
296,Ronan Bryant,28/3/2019,M,2000,Gen Z
297,Bruno Alston,31/3/2019,M,2000,Gen Z
298,Isaac Delacruz,3/4/2019,M,2000,Gen Z
299,Carter Kelly,6/4/2019,M,2001,Gen Z
300,Donovan Reeves,9/4/2019,M,2001,Gen Z
301,Alika Rivas,4/1/2017,F,1950,Baby Boomers
302,Sacha Wall,6/1/2017,F,1950,Baby Boomers
303,Raya Hampton,8/1/2017,F,1950,Baby Boomers
304,Belle Reyes,10/1/2017,F,1950,Baby Boomers
305,Brooke Munoz,12/1/2017,F,1950,Baby Boomers
306,Tanisha Wolf,14/1/2017,F,1951,Baby Boomers
307,Quintessa Franklin,16/1/2017,F,1951,Baby Boomers
308,Charissa Cobb,18/1/2017,F,1951,Baby Boomers
309,Susan Mathis,20/1/2017,F,1951,Baby Boomers
310,Cynthia Hurley,22/1/2017,F,1951,Baby Boomers
311,Melodie Dawson,24/1/2017,F,1951,Baby Boomers
312,Charlotte Webb,26/1/2017,F,1951,Baby Boomers
313,Melyssa Jones,28/1/2017,F,1951,Baby Boomers
314,Yuri Jacobson,30/1/2017,F,1952,Baby Boomers
315,Kellie Barton,2/2/2017,F,1952,Baby Boomers
316,Camille Glass,4/2/2017,F,1952,Baby Boomers
317,Reagan Roberts,6/2/2017,F,1952,Baby Boomers
318,Chelsea Bray,8/2/2017,F,1952,Baby Boomers
319,Lesley Benson,10/2/2017,F,1952,Baby Boomers
320,Denise Matthews,12/2/2017,F,1952,Baby Boomers
321,Lillith Lucas,14/2/2017,F,1952,Baby Boomers
322,Brittany Bradshaw,16/2/2017,F,1953,Baby Boomers
323,Cecilia Davidson,18/2/2017,F,1953,Baby Boomers
324,Emma Cunningham,20/2/2017,F,1953,Baby Boomers
325,Pamela Hays,22/2/2017,F,1953,Baby Boomers
326,Sandra Andrews,24/2/2017,F,1953,Baby Boomers
327,Shafira Moss,26/2/2017,F,1953,Baby Boomers
328,Carla Douglas,28/2/2017,F,1953,Baby Boomers
329,Angela Strickland,2/3/2017,F,1953,Baby Boomers
330,Chanda Marks,5/3/2017,F,1954,Baby Boomers
331,Amelia Alvarado,7/3/2017,F,1954,Baby Boomers
332,Samantha Riddle,9/3/2017,F,1954,Baby Boomers
333,Chava Guzman,11/3/2017,F,1954,Baby Boomers
334,Nita Golden,13/3/2017,F,1954,Baby Boomers
335,Zelenia Powell,15/3/2017,F,1954,Baby Boomers
336,Aileen Zamora,17/3/2017,F,1954,Baby Boomers
337,Dana Curtis,19/3/2017,F,1954,Baby Boomers
338,Leslie Acevedo,21/3/2017,F,1955,Baby Boomers
339,Adena Bradford,23/3/2017,F,1955,Baby Boomers
340,Shannon Mckenzie,25/3/2017,F,1955,Baby Boomers
341,Katell Dunlap,27/3/2017,F,1955,Baby Boomers
342,Blossom Alford,29/3/2017,F,1955,Baby Boomers
343,Bo Vincent,31/3/2017,F,1955,Baby Boomers
344,Avye Koch,2/4/2017,F,1955,Baby Boomers
345,Barbara Knowles,5/4/2017,F,1955,Baby Boomers
346,Yuri Nixon,7/4/2017,F,1956,Baby Boomers
347,Abra Dotson,9/4/2017,F,1956,Baby Boomers
348,Whoopi Barrera,11/4/2017,F,1956,Baby Boomers
349,Kathleen Langley,13/4/2017,F,1956,Baby Boomers
350,Lucy Kennedy,15/4/2017,F,1956,Baby Boomers
351,Hope Fernandez,17/4/2017,F,1956,Baby Boomers
352,Ila Goodman,19/4/2017,F,1956,Baby Boomers
353,Penelope Ochoa,21/4/2017,F,1956,Baby Boomers
354,Kimberley Larson,23/4/2017,F,1957,Baby Boomers
355,Rhonda Clayton,25/4/2017,F,1957,Baby Boomers
356,Kalia Drake,27/4/2017,F,1957,Baby Boomers
357,Sonia Vaughn,29/4/2017,F,1957,Baby Boomers
358,Kyra Warren,1/5/2017,F,1957,Baby Boomers
359,Nevada Langley,3/5/2017,F,1957,Baby Boomers
360,Giselle Levine,6/5/2017,F,1957,Baby Boomers
361,Ifeoma Butler,8/5/2017,F,1958,Baby Boomers
362,Sarah Smith,10/5/2017,F,1958,Baby Boomers
363,Rowan Woods,12/5/2017,F,1958,Baby Boomers
364,Xantha Sampson,14/5/2017,F,1958,Baby Boomers
365,Mary Swanson,16/5/2017,F,1958,Baby Boomers
366,Eve Delacruz,18/5/2017,F,1958,Baby Boomers
367,Noelle Salazar,20/5/2017,F,1958,Baby Boomers
368,Kyra Hampton,22/5/2017,F,1958,Baby Boomers
369,Astra Duffy,24/5/2017,F,1959,Baby Boomers
370,Kameko Knox,26/5/2017,F,1959,Baby Boomers
371,Nevada Ewing,28/5/2017,F,1959,Baby Boomers
372,Leigh William,30/5/2017,F,1959,Baby Boomers
373,Eugenia Oconnor,1/6/2017,F,1959,Baby Boomers
374,Audrey Farley,3/6/2017,F,1959,Baby Boomers
375,Zelenia Hoffman,6/6/2017,F,1959,Baby Boomers
376,Yael Rich,8/6/2017,F,1959,Baby Boomers
377,Cherokee West,10/6/2017,F,1960,Baby Boomers
378,Zia Gilbert,12/6/2017,F,1960,Baby Boomers
379,Megan Adams,14/6/2017,F,1960,Baby Boomers
380,Deirdre Peterson,16/6/2017,F,1960,Baby Boomers
381,Charity Harvey,18/6/2017,F,1960,Baby Boomers
382,Ciara Rosales,20/6/2017,F,1960,Baby Boomers
383,Ariana Howell,22/6/2017,F,1960,Baby Boomers
384,Kylan Hayes,24/6/2017,F,1960,Baby Boomers
385,Germaine Mitchell,26/6/2017,F,1961,Baby Boomers
386,Kimberley Vance,28/6/2017,F,1961,Baby Boomers
387,Gail Clements,30/6/2017,F,1961,Baby Boomers
388,Denise Armstrong,2/7/2017,F,1961,Baby Boomers
389,Courtney Holden,5/7/2017,F,1961,Baby Boomers
390,Tanisha Francis,7/7/2017,F,1961,Baby Boomers
391,Anjolie Vargas,9/7/2017,F,1961,Baby Boomers
392,Serena Kane,11/7/2017,F,1961,Baby Boomers
393,Farrah Hudson,13/7/2017,F,1962,Baby Boomers
394,Imani Juarez,15/7/2017,F,1962,Baby Boomers
395,Erin Nunez,17/7/2017,F,1962,Baby Boomers
396,Dai Bennett,19/7/2017,F,1962,Baby Boomers
397,Buffy Drake,21/7/2017,F,1962,Baby Boomers
398,Rhonda Hendrix,23/7/2017,F,1962,Baby Boomers
399,Haviva Blanchard,25/7/2017,F,1962,Baby Boomers
400,Olympia Burns,27/7/2017,F,1962,Baby Boomers
401,Rhea Wall,29/7/2017,F,1963,Baby Boomers
402,Sylvia Atkins,31/7/2017,F,1963,Baby Boomers
403,Amela Watts,2/8/2017,F,1963,Baby Boomers
404,Maris Williams,5/8/2017,F,1963,Baby Boomers
405,Irma Fulton,7/8/2017,F,1963,Baby Boomers
406,Gemma Rodriguez,9/8/2017,F,1963,Baby Boomers
407,Xandra Kim,11/8/2017,F,1963,Baby Boomers
408,Angela Drake,13/8/2017,F,1964,Baby Boomers
409,Janna Delaney,15/8/2017,F,1964,Baby Boomers
410,Vielka Hull,17/8/2017,F,1964,Baby Boomers
411,Myra Donovan,19/8/2017,F,1964,Baby Boomers
412,Karyn Bonner,21/8/2017,F,1964,Baby Boomers
413,Martena Gay,23/8/2017,F,1964,Baby Boomers
414,McKenzie Burnett,25/8/2017,F,1964,Baby Boomers
415,Nina Adkins,27/8/2017,F,1964,Baby Boomers
416,Kiara Clark,29/8/2017,F,1965,Gen X
417,Hayley Spears,31/8/2017,F,1965,Gen X
418,Keiko Walls,2/9/2017,F,1965,Gen X
419,Halla Cole,5/9/2017,F,1965,Gen X
420,Oprah Witt,7/9/2017,F,1965,Gen X
421,Nichole Medina,9/9/2017,F,1965,Gen X
422,Samantha Berry,11/9/2017,F,1965,Gen X
423,Kylie Hooper,13/9/2017,F,1965,Gen X
424,Priscilla Madden,15/9/2017,F,1966,Gen X
425,Savannah Bean,17/9/2017,F,1966,Gen X
426,Kelsie Rios,19/9/2017,F,1966,Gen X
427,Gay Coffey,21/9/2017,F,1966,Gen X
428,September Buckner,23/9/2017,F,1966,Gen X
429,Lee Barrett,25/9/2017,F,1966,Gen X
430,Jillian Franco,27/9/2017,F,1966,Gen X
431,Jessamine Waller,29/9/2017,F,1966,Gen X
432,Nelle Floyd,1/10/2017,F,1967,Gen X
433,Meghan Willis,3/10/2017,F,1967,Gen X
434,Carla Stevens,6/10/2017,F,1967,Gen X
435,Buffy Castaneda,8/10/2017,F,1967,Gen X
436,Marah Gomez,10/10/2017,F,1967,Gen X
437,Deborah Myers,12/10/2017,F,1967,Gen X
438,Gay Witt,14/10/2017,F,1967,Gen X
439,Lael Matthews,16/10/2017,F,1967,Gen X
440,Felicia Ramos,18/10/2017,F,1968,Gen X
441,Yoko Finch,20/10/2017,F,1968,Gen X
442,Susan Hart,22/10/2017,F,1968,Gen X
443,Georgia Kirby,24/10/2017,F,1968,Gen X
444,Scarlet Gill,26/10/2017,F,1968,Gen X
445,Maya Moreno,28/10/2017,F,1968,Gen X
446,Glenna Jennings,30/10/2017,F,1968,Gen X
447,Alexa Aguirre,1/11/2017,F,1968,Gen X
448,Sandra Ball,3/11/2017,F,1969,Gen X
449,Callie Holmes,6/11/2017,F,1969,Gen X
450,Lynn Vance,8/11/2017,F,1969,Gen X
451,Diana Baird,10/11/2017,F,1969,Gen X
452,Destiny Mcgee,12/11/2017,F,1969,Gen X
453,Shafira Koch,14/11/2017,F,1969,Gen X
454,Camille Mcgowan,16/11/2017,F,1969,Gen X
455,Oprah Sears,18/11/2017,F,1970,Gen X
456,Britanney Stuart,20/11/2017,F,1970,Gen X
457,Colleen Copeland,22/11/2017,F,1970,Gen X
458,Mikayla Lambert,24/11/2017,F,1970,Gen X
459,Macey Washington,26/11/2017,F,1970,Gen X
460,Carla Miller,28/11/2017,F,1970,Gen X
461,Giselle Ewing,30/11/2017,F,1970,Gen X
462,Hayfa Reid,2/12/2017,F,1970,Gen X
463,Candice Odonnell,5/12/2017,F,1971,Gen X
464,Molly Cook,7/12/2017,F,1971,Gen X
465,Demetria Bates,9/12/2017,F,1971,Gen X
466,Stephanie Flores,11/12/2017,F,1971,Gen X
467,Paloma Weeks,13/12/2017,F,1971,Gen X
468,Linda Perry,15/12/2017,F,1971,Gen X
469,Dacey Donaldson,17/12/2017,F,1971,Gen X
470,Ila Hunt,19/12/2017,F,1971,Gen X
471,Destiny Finch,21/12/2017,F,1972,Gen X
472,Keely Hamilton,23/12/2017,F,1972,Gen X
473,Ifeoma Tucker,25/12/2017,F,1972,Gen X
474,Iola Rodriquez,27/12/2017,F,1972,Gen X
475,Delilah Strickland,29/12/2017,F,1972,Gen X
476,Alexa Hancock,31/12/2017,F,1972,Gen X
477,Cecilia Mcfadden,2/1/2018,F,1972,Gen X
478,Ivana Holland,5/1/2018,F,1972,Gen X
479,Glenna Woodward,7/1/2018,F,1973,Gen X
480,Sigourney Mcdowell,9/1/2018,F,1973,Gen X
481,Kirsten Montgomery,11/1/2018,F,1973,Gen X
482,Elizabeth Randall,13/1/2018,F,1973,Gen X
483,Wynne Horton,15/1/2018,F,1973,Gen X
484,Zenaida Sargent,17/1/2018,F,1973,Gen X
485,Vielka Hanson,19/1/2018,F,1973,Gen X
486,Eleanor Stephens,21/1/2018,F,1973,Gen X
487,Amy Combs,23/1/2018,F,1974,Gen X
488,Sierra Rivas,25/1/2018,F,1974,Gen X
489,Joelle Workman,27/1/2018,F,1974,Gen X
490,Cassidy Stein,29/1/2018,F,1974,Gen X
491,Jessica Bates,31/1/2018,F,1974,Gen X
492,Joelle Cruz,2/2/2018,F,1974,Gen X
493,Kameko Vaughan,5/2/2018,F,1974,Gen X
494,Ivory Rojas,7/2/2018,F,1974,Gen X
495,Rhonda Sears,9/2/2018,F,1975,Gen X
496,Violet Singleton,11/2/2018,F,1975,Gen X
497,Haviva Hale,13/2/2018,F,1975,Gen X
498,Mariko Noble,15/2/2018,F,1975,Gen X
499,Mikayla Acevedo,17/2/2018,F,1975,Gen X
500,Idola Riggs,19/2/2018,F,1975,Gen X
501,Lacy Hardy,21/2/2018,F,1975,Gen X
502,Ella Michael,23/2/2018,F,1976,Gen X
503,Hayley Sellers,25/2/2018,F,1976,Gen X
504,Laurel Washington,27/2/2018,F,1976,Gen X
505,Miriam Cardenas,1/3/2018,F,1976,Gen X
506,Virginia Knox,3/3/2018,F,1976,Gen X
507,Haviva Cherry,5/3/2018,F,1976,Gen X
508,Mia Hinton,8/3/2018,F,1976,Gen X
509,Zelenia Sheppard,10/3/2018,F,1976,Gen X
510,Adria Shannon,12/3/2018,F,1977,Gen X
511,Erin Christian,14/3/2018,F,1977,Gen X
512,Miranda Haynes,16/3/2018,F,1977,Gen X
513,Molly Wall,18/3/2018,F,1977,Gen X
514,Savannah Bass,20/3/2018,F,1977,Gen X
515,Haley Spence,22/3/2018,F,1977,Gen X
516,Bertha Williamson,24/3/2018,F,1977,Gen X
517,Leah Malone,26/3/2018,F,1977,Gen X
518,Wanda Butler,28/3/2018,F,1978,Gen X
519,Alexis Valentine,30/3/2018,F,1978,Gen X
520,Reagan Mason,1/4/2018,F,1978,Gen X
521,Mara Davenport,3/4/2018,F,1978,Gen X
522,Chava Gordon,5/4/2018,F,1978,Gen X
523,Jenette Allen,8/4/2018,F,1978,Gen X
524,Zelenia Davenport,10/4/2018,F,1978,Gen X
525,Fredericka Garner,12/4/2018,F,1978,Gen X
526,Jessica May,14/4/2018,F,1979,Gen X
527,Lara Aguirre,16/4/2018,F,1979,Gen X
528,Sage Ferrell,18/4/2018,F,1979,Gen X
529,Pascale Velez,20/4/2018,F,1979,Gen X
530,Eliana Best,22/4/2018,F,1979,Gen X
531,Hadassah Reyes,24/4/2018,F,1979,Gen X
532,Maggie Emerson,26/4/2018,F,1979,Gen X
533,Desiree Larson,28/4/2018,F,1979,Gen X
534,Latifah Becker,30/4/2018,F,1980,Older Millennials
535,Alfreda Whitfield,2/5/2018,F,1980,Older Millennials
536,Linda Barlow,4/5/2018,F,1980,Older Millennials
537,Larissa Hansen,6/5/2018,F,1980,Older Millennials
538,Kellie Glover,9/5/2018,F,1980,Older Millennials
539,Kim Allison,11/5/2018,F,1980,Older Millennials
540,Cherokee Lambert,13/5/2018,F,1980,Older Millennials
541,Selma Carpenter,15/5/2018,F,1980,Older Millennials
542,Noelle Winters,17/5/2018,F,1981,Older Millennials
543,Montana Haley,19/5/2018,F,1981,Older Millennials
544,Amaya Osborne,21/5/2018,F,1981,Older Millennials
545,Rhonda Mcguire,23/5/2018,F,1981,Older Millennials
546,Jillian Saunders,25/5/2018,F,1981,Older Millennials
547,Ora Shields,27/5/2018,F,1981,Older Millennials
548,Raya Sanders,29/5/2018,F,1981,Older Millennials
549,Tanisha Robinson,31/5/2018,F,1982,Older Millennials
550,Mia Jensen,2/6/2018,F,1982,Older Millennials
551,Yetta Simpson,4/6/2018,F,1982,Older Millennials
552,Meredith Carrillo,7/6/2018,F,1982,Older Millennials
553,Camille Bennett,9/6/2018,F,1982,Older Millennials
554,Whilemina Hurley,11/6/2018,F,1982,Older Millennials
555,Venus Armstrong,13/6/2018,F,1982,Older Millennials
556,Cara Solis,15/6/2018,F,1982,Older Millennials
557,Selma Blackburn,17/6/2018,F,1983,Older Millennials
558,Melissa Johnson,19/6/2018,F,1983,Older Millennials
559,Melodie Moses,21/6/2018,F,1983,Older Millennials
560,Quyn Langley,23/6/2018,F,1983,Older Millennials
561,Ayanna Boyle,25/6/2018,F,1983,Older Millennials
562,Belle Oneal,27/6/2018,F,1983,Older Millennials
563,Belle Farmer,29/6/2018,F,1983,Older Millennials
564,Pascale Wolf,1/7/2018,F,1983,Older Millennials
565,Illana Hartman,3/7/2018,F,1984,Older Millennials
566,Doris Roberson,5/7/2018,F,1984,Older Millennials
567,Jolene Ramsey,8/7/2018,F,1984,Older Millennials
568,Quin Gray,10/7/2018,F,1984,Older Millennials
569,Hadley Olsen,12/7/2018,F,1984,Older Millennials
570,Tamara Guerra,14/7/2018,F,1984,Older Millennials
571,Sophia Chambers,16/7/2018,F,1984,Older Millennials
572,September Morgan,18/7/2018,F,1984,Older Millennials
573,Sopoline Garrison,20/7/2018,F,1985,Older Millennials
574,Kiayada Yang,22/7/2018,F,1985,Older Millennials
575,Amena Terrell,24/7/2018,F,1985,Older Millennials
576,Fallon Dean,26/7/2018,F,1985,Older Millennials
577,Rina Harrell,28/7/2018,F,1985,Older Millennials
578,Kiona Glenn,30/7/2018,F,1985,Older Millennials
579,Hyacinth Gallagher,1/8/2018,F,1985,Older Millennials
580,Carissa Ayers,3/8/2018,F,1985,Older Millennials
581,Kelsey Valenzuela,5/8/2018,F,1986,Older Millennials
582,Harriet Mills,8/8/2018,F,1986,Older Millennials
583,India Kelley,10/8/2018,F,1986,Older Millennials
584,Joelle Hood,12/8/2018,F,1986,Older Millennials
585,Jescie Reynolds,14/8/2018,F,1986,Older Millennials
586,Imelda Miller,16/8/2018,F,1986,Older Millennials
587,Harriet Kirkland,18/8/2018,F,1986,Older Millennials
588,Gail Harrell,20/8/2018,F,1986,Older Millennials
589,Dorothy Cortez,22/8/2018,F,1987,Older Millennials
590,Simone Rush,24/8/2018,F,1987,Older Millennials
591,Naida Maddox,26/8/2018,F,1987,Older Millennials
592,Daryl Watts,28/8/2018,F,1987,Older Millennials
593,Tamekah Clark,30/8/2018,F,1987,Older Millennials
594,Mari Hahn,1/9/2018,F,1987,Older Millennials
595,Debra Sanchez,3/9/2018,F,1987,Older Millennials
596,Sandra Ratliff,5/9/2018,F,1988,Older Millennials
597,Jael Giles,8/9/2018,F,1988,Older Millennials
598,Laurel Rutledge,10/9/2018,F,1988,Older Millennials
599,Mia Ingram,12/9/2018,F,1988,Older Millennials
600,Sopoline Bird,14/9/2018,F,1988,Older Millennials
601,Amanda Workman,16/9/2018,F,1988,Older Millennials
602,Illiana Reid,18/9/2018,F,1988,Older Millennials
603,Lael Anthony,20/9/2018,F,1988,Older Millennials
604,Camille Tyler,22/9/2018,F,1989,Older Millennials
605,Sharon Wright,24/9/2018,F,1989,Older Millennials
606,Alika Henson,26/9/2018,F,1989,Older Millennials
607,Ainsley Beard,28/9/2018,F,1989,Older Millennials
608,Alisa Briggs,30/9/2018,F,1989,Older Millennials
609,Kirsten Stuart,2/10/2018,F,1989,Older Millennials
610,Adria Joyner,4/10/2018,F,1989,Older Millennials
611,Melinda Thompson,6/10/2018,F,1989,Older Millennials
612,Halee Perez,9/10/2018,F,1990,Younger Millennials
613,Iola Keller,11/10/2018,F,1990,Younger Millennials
614,Quinn Conrad,13/10/2018,F,1990,Younger Millennials
615,Myra Atkins,15/10/2018,F,1990,Younger Millennials
616,Florence Moon,17/10/2018,F,1990,Younger Millennials
617,Jillian Lott,19/10/2018,F,1990,Younger Millennials
618,Lavinia Washington,21/10/2018,F,1990,Younger Millennials
619,Whilemina West,23/10/2018,F,1990,Younger Millennials
620,Meredith Sanford,25/10/2018,F,1991,Younger Millennials
621,Savannah Bennett,27/10/2018,F,1991,Younger Millennials
622,Julie Lopez,29/10/2018,F,1991,Younger Millennials
623,Neve Hoffman,31/10/2018,F,1991,Younger Millennials
624,Maggie Whitaker,2/11/2018,F,1991,Younger Millennials
625,Kylan Hancock,4/11/2018,F,1991,Younger Millennials
626,Madonna Buckley,7/11/2018,F,1991,Younger Millennials
627,Lesley Wells,9/11/2018,F,1991,Younger Millennials
628,Amena Graham,11/11/2018,F,1992,Younger Millennials
629,Astra Hicks,13/11/2018,F,1992,Younger Millennials
630,Bell Witt,15/11/2018,F,1992,Younger Millennials
631,Minerva Donaldson,17/11/2018,F,1992,Younger Millennials
632,Latifah Myers,19/11/2018,F,1992,Younger Millennials
633,Lael Harrison,21/11/2018,F,1992,Younger Millennials
634,Dawn Herring,23/11/2018,F,1992,Younger Millennials
635,Deanna Rivas,25/11/2018,F,1992,Younger Millennials
636,Natalie Harris,27/11/2018,F,1993,Younger Millennials
637,September Shepherd,29/11/2018,F,1993,Younger Millennials
638,Paula Cummings,1/12/2018,F,1993,Younger Millennials
639,Teegan Douglas,3/12/2018,F,1993,Younger Millennials
640,Emma Rice,5/12/2018,F,1993,Younger Millennials
641,Leandra Townsend,8/12/2018,F,1993,Younger Millennials
642,Iris Bradley,10/12/2018,F,1993,Younger Millennials
643,Mona Hess,12/12/2018,F,1993,Younger Millennials
644,Geraldine Sandoval,14/12/2018,F,1994,Younger Millennials
645,Angela Hartman,16/12/2018,F,1994,Younger Millennials
646,Galena Tanner,18/12/2018,F,1994,Younger Millennials
647,Olivia Kidd,20/12/2018,F,1994,Younger Millennials
648,Ava Michael,22/12/2018,F,1994,Younger Millennials
649,Rylee Anthony,24/12/2018,F,1994,Younger Millennials
650,Tamara Kinney,26/12/2018,F,1994,Younger Millennials
651,Karly Walsh,28/12/2018,F,1995,Gen Z
652,Vanna Kennedy,30/12/2018,F,1995,Gen Z
653,Wanda Vinson,1/1/2019,F,1995,Gen Z
654,Galena Coffey,3/1/2019,F,1995,Gen Z
655,Joan Peters,5/1/2019,F,1995,Gen Z
656,Justina Brennan,8/1/2019,F,1995,Gen Z
657,Violet Waters,10/1/2019,F,1995,Gen Z
658,Cora Weaver,12/1/2019,F,1995,Gen Z
659,Savannah Garza,14/1/2019,F,1996,Gen Z
660,Abra Schwartz,16/1/2019,F,1996,Gen Z
661,Beatrice Gutierrez,18/1/2019,F,1996,Gen Z
662,Sigourney Sanford,20/1/2019,F,1996,Gen Z
663,Bertha Kramer,22/1/2019,F,1996,Gen Z
664,Portia Acevedo,24/1/2019,F,1996,Gen Z
665,Carissa Schmidt,26/1/2019,F,1996,Gen Z
666,Karly Williams,28/1/2019,F,1996,Gen Z
667,Keely Franks,30/1/2019,F,1997,Gen Z
668,May Lambert,1/2/2019,F,1997,Gen Z
669,Amber Cooper,3/2/2019,F,1997,Gen Z
670,MacKenzie Duran,5/2/2019,F,1997,Gen Z
671,Lacota Baxter,8/2/2019,F,1997,Gen Z
672,Tasha Holloway,10/2/2019,F,1997,Gen Z
673,Guinevere Cooke,12/2/2019,F,1997,Gen Z
674,Roanna Guzman,14/2/2019,F,1997,Gen Z
675,Illana Graves,16/2/2019,F,1998,Gen Z
676,Indigo Howe,18/2/2019,F,1998,Gen Z
677,Carly Pierce,20/2/2019,F,1998,Gen Z
678,Mariam Foley,22/2/2019,F,1998,Gen Z
679,Mallory Kramer,24/2/2019,F,1998,Gen Z
680,Florence Wolfe,26/2/2019,F,1998,Gen Z
681,Christine Bentley,28/2/2019,F,1998,Gen Z
682,Violet Hammond,2/3/2019,F,1998,Gen Z
683,Zephr Zimmerman,4/3/2019,F,1999,Gen Z
684,Dorothy Turner,6/3/2019,F,1999,Gen Z
685,Rosalyn Melendez,8/3/2019,F,1999,Gen Z
686,Libby Rowe,11/3/2019,F,1999,Gen Z
687,Angelica Maynard,13/3/2019,F,1999,Gen Z
688,Donna Fleming,15/3/2019,F,1999,Gen Z
689,Karleigh Logan,17/3/2019,F,1999,Gen Z
690,Ifeoma Hahn,19/3/2019,F,1999,Gen Z
691,Aurelia Bernard,21/3/2019,F,2000,Gen Z
692,Fleur Russo,23/3/2019,F,2000,Gen Z
693,Roary Hardy,25/3/2019,F,2000,Gen Z
694,Caryn Parrish,27/3/2019,F,2000,Gen Z
695,Vivian Dillard,29/3/2019,F,2000,Gen Z
696,Lysandra Maxwell,31/3/2019,F,2000,Gen Z
697,Jayme King,2/4/2019,F,2000,Gen Z
698,Shoshana Silva,4/4/2019,F,2001,Gen Z
699,Phyllis Fernandez,6/4/2019,F,2001,Gen Z
700,Ava Mullins,9/4/2019,F,2001,Gen Z
701,Donovan Trevino,10/1/2017,N,1950,Baby Boomers
702,Michael Kinney,18/1/2017,N,1951,Baby Boomers
703,Melvin Valdez,26/1/2017,N,1951,Baby Boomers
704,Bernard Everett,4/2/2017,N,1952,Baby Boomers
705,Phillip Lopez,12/2/2017,N,1952,Baby Boomers
706,Brendan Sykes,20/2/2017,N,1953,Baby Boomers
707,Oleg Justice,28/2/2017,N,1953,Baby Boomers
708,Xavier Huffman,9/3/2017,N,1954,Baby Boomers
709,Graiden Cortez,17/3/2017,N,1954,Baby Boomers
710,Chandler Cabrera,25/3/2017,N,1955,Baby Boomers
711,Erich Hodge,2/4/2017,N,1955,Baby Boomers
712,Zeus Cantu,11/4/2017,N,1956,Baby Boomers
713,Salvador Spears,19/4/2017,N,1956,Baby Boomers
714,Benjamin Briggs,27/4/2017,N,1957,Baby Boomers
715,Dennis Huff,6/5/2017,N,1957,Baby Boomers
716,Bert Ewing,14/5/2017,N,1958,Baby Boomers
717,Vernon Oconnor,22/5/2017,N,1958,Baby Boomers
718,Cole Thompson,30/5/2017,N,1959,Baby Boomers
719,Axel Wallace,8/6/2017,N,1959,Baby Boomers
720,Alvin Mann,16/6/2017,N,1960,Baby Boomers
721,Ulysses Mcfadden,24/6/2017,N,1960,Baby Boomers
722,Addison Greer,2/7/2017,N,1961,Baby Boomers
723,Lyle Herrera,11/7/2017,N,1961,Baby Boomers
724,Murphy Lloyd,19/7/2017,N,1962,Baby Boomers
725,Bruno Barnes,27/7/2017,N,1962,Baby Boomers
726,Cole Solis,5/8/2017,N,1963,Baby Boomers
727,Chester Solis,13/8/2017,N,1964,Baby Boomers
728,Raymond Thornton,21/8/2017,N,1964,Baby Boomers
729,Alexander Hooper,29/8/2017,N,1965,Gen X
730,Bradley Kim,7/9/2017,N,1965,Gen X
731,Melvin Black,15/9/2017,N,1966,Gen X
732,Len Green,23/9/2017,N,1966,Gen X
733,Peter Chaney,1/10/2017,N,1967,Gen X
734,Jonas Henson,10/10/2017,N,1967,Gen X
735,Castor Bartlett,18/10/2017,N,1968,Gen X
736,Arsenio Garrison,26/10/2017,N,1968,Gen X
737,Calvin Sargent,3/11/2017,N,1969,Gen X
738,Akeem Leonard,12/11/2017,N,1969,Gen X
739,Cadman Beach,20/11/2017,N,1970,Gen X
740,Conan Burris,28/11/2017,N,1970,Gen X
741,Lane Duncan,7/12/2017,N,1971,Gen X
742,Odysseus Stevenson,15/12/2017,N,1971,Gen X
743,Darius Valdez,23/12/2017,N,1972,Gen X
744,Thor Mercado,31/12/2017,N,1972,Gen X
745,Eaton Mcguire,9/1/2018,N,1973,Gen X
746,Bert Fisher,17/1/2018,N,1973,Gen X
747,Herman Collins,25/1/2018,N,1974,Gen X
748,Nigel Barton,2/2/2018,N,1974,Gen X
749,Tucker Bray,11/2/2018,N,1975,Gen X
750,Austin Mullins,19/2/2018,N,1975,Gen X
751,Yoshio Gaines,27/2/2018,N,1976,Gen X
752,Hamilton Kidd,8/3/2018,N,1976,Gen X
753,Dolan Walls,16/3/2018,N,1977,Gen X
754,Benedict Cochran,24/3/2018,N,1977,Gen X
755,Garrison Black,1/4/2018,N,1978,Gen X
756,Walter Booker,10/4/2018,N,1978,Gen X
757,Len Jacobson,18/4/2018,N,1979,Gen X
758,Nathaniel Horne,26/4/2018,N,1979,Gen X
759,Kadeem Haney,4/5/2018,N,1980,Older Millennials
760,Mason Price,13/5/2018,N,1980,Older Millennials
761,Gray Reynolds,21/5/2018,N,1981,Older Millennials
762,Brian Joseph,29/5/2018,N,1981,Older Millennials
763,Hyatt Cruz,7/6/2018,N,1982,Older Millennials
764,Daniel Mcclure,15/6/2018,N,1982,Older Millennials
765,Thane Simpson,23/6/2018,N,1983,Older Millennials
766,Caleb Whitaker,1/7/2018,N,1983,Older Millennials
767,Tyrone Hewitt,10/7/2018,N,1984,Older Millennials
768,Abel Hood,18/7/2018,N,1984,Older Millennials
769,Elmo Becker,26/7/2018,N,1985,Older Millennials
770,Jasper Haney,3/8/2018,N,1985,Older Millennials
771,Oscar Fuentes,12/8/2018,N,1986,Older Millennials
772,Thor Russo,20/8/2018,N,1986,Older Millennials
773,Gareth Alexander,28/8/2018,N,1987,Older Millennials
774,Norman Donaldson,5/9/2018,N,1988,Older Millennials
775,Denton Mercer,14/9/2018,N,1988,Older Millennials
776,Joshua Pugh,22/9/2018,N,1989,Older Millennials
777,Yasir Baldwin,30/9/2018,N,1989,Older Millennials
778,Tiger Gay,9/10/2018,N,1990,Younger Millennials
779,Uriah Campbell,17/10/2018,N,1990,Younger Millennials
780,Patrick Spence,25/10/2018,N,1991,Younger Millennials
781,Luke Patel,2/11/2018,N,1991,Younger Millennials
782,Oscar Douglas,11/11/2018,N,1992,Younger Millennials
783,Amery Ramirez,19/11/2018,N,1992,Younger Millennials
784,Ivor Sherman,27/11/2018,N,1993,Younger Millennials
785,Mufutau Wallace,5/12/2018,N,1993,Younger Millennials
786,Upton Vang,14/12/2018,N,1994,Younger Millennials
787,Beck Pennington,22/12/2018,N,1994,Younger Millennials
788,Hilel Ballard,30/12/2018,N,1995,Gen Z
789,Jamal Washington,8/1/2019,N,1995,Gen Z
790,Peter Moran,16/1/2019,N,1996,Gen Z
791,Wyatt Conway,24/1/2019,N,1996,Gen Z
792,Theodore Parks,1/2/2019,N,1997,Gen Z
793,Byron Gamble,10/2/2019,N,1997,Gen Z
794,Tate Sanford,18/2/2019,N,1998,Gen Z
795,Kenneth Moon,26/2/2019,N,1998,Gen Z
796,Lamar Johnson,6/3/2019,N,1999,Gen Z
797,Rafael Ellis,15/3/2019,N,1999,Gen Z
798,Kevin Huffman,23/3/2019,N,2000,Gen Z
799,Lester Velasquez,31/3/2019,N,2000,Gen Z
800,Zeus Wilder,9/4/2019,N,2001,Gen Z
5001,Shoshana,5/6/2017,N,1984,Older Millennials
5002,Brittany,4/3/2018,N,1991,Younger Millennials
5003,Sade,20/2/2018,N,1990,Younger Millennials
5004,Melodie,14/6/2018,F,1982,Older Millennials
5005,Kasimir,23/4/2018,N,1992,Younger Millennials
5006,Demetria,12/10/2018,N,1996,Gen Z
5007,Jin,24/4/2017,N,1983,Older Millennials
5008,Noelle,16/10/2017,F,1967,Gen X
5009,Barry,1/3/2019,M,1998,Gen Z
5010,Elton,22/8/2017,M,1964,Baby Boomers
5011,Zia,15/8/2018,F,1986,Older Millennials
5012,Cheyenne,30/6/2017,F,1961,Baby Boomers
5013,Dillon,21/8/2017,N,1986,Older Millennials
5014,Ira,26/3/2018,M,1977,Gen X
5015,Quintessa,23/9/2017,F,1966,Gen X
5016,Althea,17/11/2018,N,1997,Gen Z
5017,Clio,25/1/2019,N,1999,Gen Z
5018,Zena,7/2/2017,F,1952,Baby Boomers
5019,Vaughan,4/4/2018,N,1991,Younger Millennials
5020,Mason,10/11/2017,M,1969,Gen X
5021,Scarlet,5/3/2018,F,1976,Gen X
5022,Galena,9/9/2017,N,1986,Older Millennials
5023,Andrew,14/11/2017,M,1969,Gen X
5024,Celeste,21/3/2017,N,1982,Older Millennials
5025,Jena,18/1/2017,N,1980,Older Millennials
5026,Kibo,20/10/2017,M,1968,Gen X
5027,Madison,19/8/2018,F,1986,Older Millennials
5028,Whoopi,21/7/2017,N,1985,Older Millennials
5029,Warren,12/2/2019,M,1997,Gen Z
5030,Adele,8/8/2017,F,1963,Baby Boomers
5031,Ryan,27/8/2018,N,1995,Gen Z
5032,Nadine,23/3/2018,F,1977,Gen X
5033,Nola,10/2/2018,F,1975,Gen X
5034,Ifeoma,11/10/2017,F,1967,Gen X
5035,Shad,6/4/2018,N,1991,Younger Millennials
5036,Paki,2/2/2017,M,1952,Baby Boomers
5037,Claudia,14/3/2019,F,1999,Gen Z
5038,Ethan,17/6/2018,M,1983,Older Millennials
5039,Buckminster,5/3/2018,M,1976,Gen X
5040,Sandra,29/6/2018,N,1994,Younger Millennials
5041,Yasir,12/12/2017,M,1971,Gen X
5042,Sara,14/9/2017,N,1986,Older Millennials
5043,Joseph,15/12/2017,M,1971,Gen X
5044,Kyla,27/7/2017,F,1962,Baby Boomers
5045,Hall,9/4/2019,M,2001,Gen Z
5046,Sierra,14/11/2017,N,1988,Older Millennials
5047,Hector,31/5/2017,M,1959,Baby Boomers
5048,Jin,4/4/2019,N,2001,Gen Z
5049,Vaughan,31/5/2018,N,1993,Younger Millennials
5050,Roary,30/6/2018,F,1983,Older Millennials
5051,Kyla,13/2/2018,N,1990,Younger Millennials
5052,Bryar,21/2/2018,F,1975,Gen X
5053,Reagan,4/1/2019,F,1995,Gen Z
5054,Ulysses,14/11/2018,N,1997,Gen Z
5055,Catherine,7/6/2017,F,1959,Baby Boomers
5056,Yasir,22/7/2017,M,1962,Baby Boomers
5057,Zephania,25/2/2019,N,2000,Gen Z
5058,Cairo,2/4/2018,M,1978,Gen X
5059,Martena,28/2/2019,F,1998,Gen Z
5060,Hilda,16/1/2018,F,1973,Gen X
5061,Yoko,17/12/2017,F,1971,Gen X
5062,Leila,12/3/2018,F,1977,Gen X
5063,Cynthia,1/3/2019,N,2000,Gen Z
5064,Solomon,14/6/2018,M,1982,Older Millennials
5065,Odessa,4/9/2017,F,1965,Gen X
5066,Justin,16/4/2018,M,1979,Gen X
5067,Paki,28/1/2017,N,1980,Older Millennials
5068,Ori,10/8/2017,F,1963,Baby Boomers
5069,Brian,16/2/2018,M,1975,Gen X
5070,Mallory,22/5/2018,F,1981,Older Millennials
5071,Beau,1/12/2017,M,1970,Gen X
5072,Althea,2/3/2017,N,1981,Older Millennials
5073,Urielle,19/11/2017,F,1970,Gen X
5074,Miriam,19/2/2018,F,1975,Gen X
5075,Adrian,17/5/2017,N,1983,Older Millennials
5076,Guinevere,26/12/2018,F,1994,Younger Millennials
5077,Adria,25/2/2018,N,1990,Younger Millennials
5078,Gage,14/4/2017,N,1982,Older Millennials
5079,Sybil,31/1/2017,F,1952,Baby Boomers
5080,Elmo,26/9/2018,M,1989,Older Millennials
5081,Brady,15/5/2018,N,1992,Younger Millennials
5082,Roth,24/11/2017,M,1970,Gen X
5083,Yardley,10/2/2019,N,1999,Gen Z
5084,Randall,3/6/2018,N,1993,Younger Millennials
5085,Ray,2/9/2017,M,1965,Gen X
5086,Adara,14/7/2018,F,1984,Older Millennials
5087,Sopoline,24/12/2018,F,1994,Younger Millennials
5088,Megan,22/4/2018,F,1979,Gen X
5089,Mollie,19/8/2017,F,1964,Baby Boomers
5090,Marsden,14/11/2018,M,1992,Younger Millennials
5091,Meghan,11/1/2017,N,1980,Older Millennials
5092,Cleo,6/8/2018,F,1986,Older Millennials
5093,Tiger,7/11/2018,M,1991,Younger Millennials
5094,Rogan,5/4/2017,M,1956,Baby Boomers
5095,Ferris,23/9/2017,M,1966,Gen X
5096,Kai,8/4/2018,F,1978,Gen X
5097,Yuli,22/10/2017,N,1987,Older Millennials
5098,Odessa,21/10/2018,F,1990,Younger Millennials
5099,Jillian,15/5/2018,F,1980,Older Millennials
5100,Barclay,22/12/2017,M,1972,Gen X
5101,Justina,22/1/2017,F,1951,Baby Boomers
5102,Tana,13/7/2018,N,1994,Younger Millennials
5103,Andrew,30/4/2017,M,1957,Baby Boomers
5104,Yasir,19/8/2018,M,1986,Older Millennials
5105,Ruth,8/8/2018,F,1986,Older Millennials
5106,Janna,11/1/2019,F,1995,Gen Z
5107,Kasimir,17/10/2017,M,1968,Gen X
5108,Jenette,20/1/2018,N,1989,Older Millennials
5109,Tashya,18/10/2017,F,1968,Gen X
5110,Ursula,1/12/2018,N,1997,Gen Z
5111,Amir,2/4/2018,N,1991,Younger Millennials
5112,Amos,15/8/2017,M,1964,Baby Boomers
5113,Jennifer,25/1/2017,N,1980,Older Millennials
5114,Edward,2/10/2018,N,1996,Gen Z
5115,Carol,21/1/2017,N,1980,Older Millennials
5116,Rafael,12/8/2017,M,1963,Baby Boomers
5117,Karyn,27/12/2017,N,1989,Older Millennials
5118,Belle,17/3/2019,F,1999,Gen Z
5119,Devin,31/3/2017,N,1982,Older Millennials
5120,Mark,20/3/2019,N,2000,Gen Z
5121,Mollie,10/11/2018,F,1992,Younger Millennials
5122,Fallon,19/5/2017,F,1958,Baby Boomers
5123,Audrey,2/4/2019,F,2000,Gen Z
5124,Hashim,8/12/2017,M,1971,Gen X
5125,Astra,24/5/2018,N,1993,Younger Millennials
5126,Paloma,10/5/2017,F,1958,Baby Boomers
5127,Whilemina,16/7/2018,F,1984,Older Millennials
5128,Maxwell,8/2/2018,N,1990,Younger Millennials
5129,Lane,1/2/2017,N,1981,Older Millennials
5130,Joan,30/7/2017,N,1985,Older Millennials
5131,Reuben,16/4/2017,M,1956,Baby Boomers
5132,Ashton,29/7/2018,M,1985,Older Millennials
5133,Rana,5/5/2017,N,1983,Older Millennials
5134,Hamish,4/12/2018,M,1993,Younger Millennials
5135,Irma,18/1/2019,F,1996,Gen Z
5136,Donovan,26/3/2019,M,2000,Gen Z
5137,Ruth,23/6/2017,F,1960,Baby Boomers
5138,Charles,8/3/2019,M,1999,Gen Z
5139,Myles,30/9/2017,N,1987,Older Millennials
5140,Tarik,24/11/2018,N,1997,Gen Z
5141,Florence,16/9/2018,N,1996,Gen Z
5142,Debra,16/3/2019,N,2000,Gen Z
5143,Amos,29/1/2018,M,1974,Gen X
5144,Denise,3/3/2019,F,1999,Gen Z
5145,Nita,9/9/2018,F,1988,Older Millennials
5146,Leigh,17/10/2018,N,1996,Gen Z
5147,Gregory,27/11/2018,M,1993,Younger Millennials
5148,Willow,26/11/2018,F,1993,Younger Millennials
5149,Noel,14/6/2017,F,1960,Baby Boomers
5150,Austin,11/12/2018,M,1993,Younger Millennials
5151,Sophia,26/10/2017,N,1987,Older Millennials
5152,Reese,20/5/2017,M,1958,Baby Boomers
5153,Dominique,23/2/2017,F,1953,Baby Boomers
5154,Abraham,21/10/2018,N,1996,Gen Z
5155,Tashya,25/8/2018,N,1995,Gen Z
5156,Blaze,19/2/2019,M,1998,Gen Z
5157,Kenneth,19/9/2017,M,1966,Gen X
5158,Bruno,22/5/2018,N,1993,Younger Millennials
5159,Avram,27/5/2018,M,1981,Older Millennials
5160,Velma,12/6/2018,F,1982,Older Millennials
5161,Amity,4/4/2017,N,1982,Older Millennials
5162,Carol,27/10/2018,F,1991,Younger Millennials
5163,Craig,8/7/2018,N,1994,Younger Millennials
5164,Brady,8/8/2018,N,1995,Gen Z
5165,Cole,2/3/2017,M,1953,Baby Boomers
5166,Tanek,22/9/2018,M,1989,Older Millennials
5167,Avram,18/8/2017,N,1986,Older Millennials
5168,Warren,30/7/2018,N,1994,Younger Millennials
5169,Gail,1/8/2018,F,1985,Older Millennials
5170,Heather,28/2/2017,F,1953,Baby Boomers
5171,Skyler,16/7/2017,F,1962,Baby Boomers
5172,Wendy,19/4/2017,F,1956,Baby Boomers
5173,Noble,12/4/2017,M,1956,Baby Boomers
5174,Jelani,9/2/2017,N,1981,Older Millennials
5175,Tobias,22/1/2017,M,1951,Baby Boomers
5176,Rogan,3/5/2017,N,1983,Older Millennials
5177,Morgan,23/9/2018,F,1989,Older Millennials
5178,Lee,15/12/2017,N,1989,Older Millennials
5179,Caleb,15/8/2018,M,1986,Older Millennials
5180,Baker,19/11/2018,N,1997,Gen Z
5181,Denton,14/6/2017,M,1960,Baby Boomers
5182,Madison,15/11/2018,F,1992,Younger Millennials
5183,Kameko,25/6/2017,F,1961,Baby Boomers
5184,Chaim,22/1/2019,M,1996,Gen Z
5185,Maris,28/3/2019,F,2000,Gen Z
5186,Oprah,25/6/2018,F,1983,Older Millennials
5187,Darryl,1/12/2018,F,1993,Younger Millennials
5188,Dai,4/10/2017,F,1967,Gen X
5189,Rebekah,26/8/2017,F,1964,Baby Boomers
5190,Jonah,22/2/2018,M,1975,Gen X
5191,Kirk,14/3/2017,N,1982,Older Millennials
5192,Castor,19/4/2017,N,1982,Older Millennials
5193,Margaret,6/1/2018,F,1973,Gen X
5194,Andrew,25/3/2019,N,2000,Gen Z
5195,Sasha,17/5/2018,F,1981,Older Millennials
5196,Nelle,9/4/2017,N,1982,Older Millennials
5197,Derek,26/8/2018,M,1987,Older Millennials
5198,Leigh,17/8/2018,F,1986,Older Millennials
5199,Gail,27/7/2018,N,1994,Younger Millennials
5200,Henry,7/6/2017,M,1959,Baby Boomers
5201,Lamar,10/12/2018,N,1998,Gen Z
5202,Garrison,25/12/2017,N,1989,Older Millennials
5203,Uriah,10/6/2017,M,1960,Baby Boomers
5204,Fredericka,2/9/2017,F,1965,Gen X
5205,Keith,27/2/2019,N,2000,Gen Z
5206,Lesley,17/4/2018,F,1979,Gen X
5207,Willa,22/8/2018,F,1987,Older Millennials
5208,Forrest,15/1/2019,M,1996,Gen Z
5209,Louis,22/3/2018,M,1977,Gen X
5210,Ori,5/6/2018,N,1993,Younger Millennials
5211,Halla,1/7/2018,N,1994,Younger Millennials
5212,Nayda,13/1/2018,F,1973,Gen X
5213,Tanya,8/5/2018,F,1980,Older Millennials
5214,Stephen,2/4/2017,M,1955,Baby Boomers
5215,Yuli,12/4/2017,N,1982,Older Millennials
5216,Adena,5/2/2018,F,1974,Gen X
5217,Kennan,1/1/2018,M,1972,Gen X
5218,Xaviera,28/7/2018,F,1985,Older Millennials
5219,Ariana,7/7/2017,F,1961,Baby Boomers
5220,Danielle,23/10/2017,F,1968,Gen X
5221,Stephanie,19/10/2018,N,1996,Gen Z
5222,Hayden,4/8/2017,N,1985,Older Millennials
5223,Howard,9/8/2017,N,1985,Older Millennials
5224,Summer,15/12/2018,F,1994,Younger Millennials
5225,Ima,25/7/2018,N,1994,Younger Millennials
5226,Kiayada,19/5/2018,N,1993,Younger Millennials
5227,Dawn,30/9/2017,F,1966,Gen X
5228,Charde,6/1/2017,F,1950,Baby Boomers
5229,Camilla,21/3/2018,F,1977,Gen X
5230,Teagan,30/3/2019,N,2001,Gen Z
5231,Nyssa,17/6/2018,N,1993,Younger Millennials
5232,Victoria,7/11/2017,N,1988,Older Millennials
5233,Sean,15/1/2019,N,1999,Gen Z
5234,Mark,27/5/2017,M,1959,Baby Boomers
5235,Hamilton,19/7/2017,M,1962,Baby Boomers
5236,Oren,26/3/2018,N,1991,Younger Millennials
5237,Gavin,9/2/2017,M,1952,Baby Boomers
5238,Sasha,25/12/2018,N,1998,Gen Z
5239,Irene,9/10/2018,N,1996,Gen Z
5240,Uriel,20/7/2018,N,1994,Younger Millennials
5241,Belle,27/1/2017,F,1951,Baby Boomers
5242,Flynn,18/9/2018,N,1996,Gen Z
5243,Jordan,13/5/2017,N,1983,Older Millennials
5244,Hiroko,31/8/2017,F,1965,Gen X
5245,Colton,22/7/2018,M,1985,Older Millennials
5246,Hamilton,16/2/2017,M,1953,Baby Boomers
5247,Delilah,14/4/2018,N,1992,Younger Millennials
5248,Ulysses,29/3/2017,M,1955,Baby Boomers
5249,Carla,6/12/2017,N,1988,Older Millennials
5250,Marshall,9/4/2018,M,1978,Gen X
5251,Daquan,8/8/2018,M,1986,Older Millennials
5252,Ethan,28/11/2017,M,1970,Gen X
5253,Lester,24/10/2017,M,1968,Gen X
5254,Destiny,8/5/2017,F,1958,Baby Boomers
5255,Peter,8/1/2017,M,1950,Baby Boomers
5256,Galvin,28/8/2017,N,1986,Older Millennials
5257,Elijah,28/2/2017,N,1981,Older Millennials
5258,Zachery,2/4/2017,N,1982,Older Millennials
5259,Ima,6/5/2017,F,1957,Baby Boomers
5260,Deanna,1/12/2017,F,1970,Gen X
5261,Vernon,17/11/2017,M,1969,Gen X
5262,Wanda,18/9/2017,F,1966,Gen X
5263,Pearl,12/8/2017,F,1963,Baby Boomers
5264,Marny,15/1/2017,F,1951,Baby Boomers
5265,Dante,15/2/2018,N,1990,Younger Millennials
5266,Forrest,26/4/2018,M,1979,Gen X
5267,Chandler,26/4/2018,N,1992,Younger Millennials
5268,Mercedes,25/1/2019,F,1996,Gen Z
5269,Raja,18/3/2018,N,1991,Younger Millennials
5270,Arden,28/4/2018,N,1992,Younger Millennials
5271,TaShya,30/12/2017,F,1972,Gen X
5272,Jerome,9/7/2017,N,1985,Older Millennials
5273,India,19/2/2017,F,1953,Baby Boomers
5274,Garrett,15/1/2018,M,1973,Gen X
5275,Bo,16/9/2018,F,1988,Older Millennials
5276,Ralph,5/1/2019,M,1995,Gen Z
5277,Yetta,17/12/2018,N,1998,Gen Z
5278,Ginger,14/3/2018,F,1977,Gen X
5279,Marshall,4/2/2017,N,1981,Older Millennials
5280,Juliet,6/5/2018,F,1980,Older Millennials
5281,Bevis,11/12/2017,N,1988,Older Millennials
5282,Deacon,26/9/2017,M,1966,Gen X
5283,Christopher,13/10/2017,M,1967,Gen X
5284,Amber,29/10/2017,F,1968,Gen X
5285,Teegan,11/1/2018,F,1973,Gen X
5286,Benedict,29/12/2018,M,1995,Gen Z
5287,Galena,7/5/2018,N,1992,Younger Millennials
5288,Nissim,13/5/2018,M,1980,Older Millennials
5289,Berk,25/12/2017,M,1972,Gen X
5290,Bree,16/3/2017,N,1982,Older Millennials
5291,Grace,29/1/2017,F,1951,Baby Boomers
5292,Xyla,29/4/2017,F,1957,Baby Boomers
5293,Connor,30/9/2017,M,1966,Gen X
5294,Isabella,30/3/2017,F,1955,Baby Boomers
5295,Macaulay,2/9/2017,N,1986,Older Millennials
5296,Noble,15/7/2017,M,1962,Baby Boomers
5297,Cassandra,12/11/2017,F,1969,Gen X
5298,Emmanuel,27/10/2017,M,1968,Gen X
5299,Joan,20/5/2018,F,1981,Older Millennials
5300,Amanda,16/1/2017,N,1980,Older Millennials
5301,Oliver,29/8/2018,M,1987,Older Millennials
5302,Kermit,19/1/2017,M,1951,Baby Boomers
5303,Dara,27/4/2018,F,1979,Gen X
5304,Hadassah,13/9/2017,F,1965,Gen X
5305,Patience,10/2/2017,F,1952,Baby Boomers
5306,Kylynn,27/6/2017,N,1984,Older Millennials
5307,Luke,12/2/2017,M,1952,Baby Boomers
5308,Fulton,9/4/2017,M,1956,Baby Boomers
5309,Shannon,16/6/2017,F,1960,Baby Boomers
5310,Michael,24/5/2018,M,1981,Older Millennials
5311,Bradley,11/4/2018,N,1992,Younger Millennials
5312,Irma,1/5/2018,F,1980,Older Millennials
5313,Stuart,8/7/2017,M,1961,Baby Boomers
5314,Xaviera,29/11/2017,N,1988,Older Millennials
5315,Lee,13/6/2017,N,1984,Older Millennials
5316,Ruth,10/4/2017,F,1956,Baby Boomers
5317,Leslie,13/1/2017,N,1980,Older Millennials
5318,Scarlett,27/1/2018,N,1990,Younger Millennials
5319,Leroy,8/12/2018,N,1998,Gen Z
5320,Hillary,1/4/2019,N,2001,Gen Z
5321,Lillian,22/12/2018,F,1994,Younger Millennials
5322,Colby,23/4/2017,M,1957,Baby Boomers
5323,Darryl,7/3/2018,F,1976,Gen X
5324,Aquila,10/5/2018,M,1980,Older Millennials
5325,Madeson,18/7/2018,N,1994,Younger Millennials
5326,Noble,28/9/2017,N,1987,Older Millennials
5327,Alisa,23/1/2019,F,1996,Gen Z
5328,Madeline,11/2/2018,N,1990,Younger Millennials
5329,Reuben,5/9/2017,M,1965,Gen X
5330,Arden,3/5/2017,M,1957,Baby Boomers
5331,Nicole,16/3/2018,F,1977,Gen X
5332,Joel,21/4/2018,N,1992,Younger Millennials
5333,Robert,12/11/2018,N,1997,Gen Z
5334,Emerson,25/12/2018,M,1994,Younger Millennials
5335,Lareina,4/1/2018,N,1989,Older Millennials
5336,Flynn,15/9/2018,M,1988,Older Millennials
5337,Salvador,6/7/2018,N,1994,Younger Millennials
5338,Nola,3/8/2017,F,1963,Baby Boomers
5339,Anika,18/9/2017,N,1986,Older Millennials
5340,Quinn,27/5/2018,N,1993,Younger Millennials
5341,Murphy,3/12/2018,N,1998,Gen Z
5342,Guinevere,21/6/2018,F,1983,Older Millennials
5343,Amir,19/1/2019,M,1996,Gen Z
5344,Brenda,3/4/2017,F,1955,Baby Boomers
5345,Heidi,24/2/2018,F,1976,Gen X
5346,Dale,27/9/2018,N,1996,Gen Z
5347,Laura,12/12/2017,F,1971,Gen X
5348,Jeremy,19/3/2018,M,1977,Gen X
5349,Burke,1/8/2017,M,1963,Baby Boomers
5350,Kai,17/6/2017,N,1984,Older Millennials
5351,Ramona,28/9/2018,F,1989,Older Millennials
5352,Vielka,29/1/2019,N,1999,Gen Z
5353,Ethan,18/7/2017,N,1985,Older Millennials
5354,Amber,3/11/2018,F,1991,Younger Millennials
5355,Reece,21/11/2018,M,1992,Younger Millennials
5356,Curran,31/10/2017,N,1987,Older Millennials
5357,Griffith,18/12/2017,N,1989,Older Millennials
5358,Holly,25/9/2017,F,1966,Gen X
5359,Slade,17/11/2017,N,1988,Older Millennials
5360,Molly,26/12/2017,F,1972,Gen X
5361,Merrill,12/1/2017,M,1950,Baby Boomers
5362,Michael,6/3/2019,N,2000,Gen Z
5363,Dominic,18/12/2017,M,1971,Gen X
5364,Iola,25/3/2017,F,1955,Baby Boomers
5365,Maxine,15/4/2018,F,1979,Gen X
5366,Hilda,8/1/2019,N,1998,Gen Z
5367,Hakeem,6/12/2018,N,1998,Gen Z
5368,Asher,8/3/2018,M,1976,Gen X
5369,Arthur,27/10/2018,M,1991,Younger Millennials
5370,Melanie,1/12/2017,N,1988,Older Millennials
5371,Cullen,20/12/2017,N,1989,Older Millennials
5372,Garrison,6/2/2019,N,1999,Gen Z
5373,Fletcher,17/5/2017,M,1958,Baby Boomers
5374,Angela,13/4/2017,F,1956,Baby Boomers
5375,Xantha,3/12/2017,F,1970,Gen X
5376,Gareth,12/7/2017,M,1962,Baby Boomers
5377,Mia,12/2/2017,F,1952,Baby Boomers
5378,Hilary,13/8/2018,N,1995,Gen Z
5379,Ciara,21/2/2017,F,1953,Baby Boomers
5380,Hoyt,29/8/2017,M,1965,Gen X
5381,Xena,1/2/2018,F,1974,Gen X
5382,Fatima,6/2/2018,N,1990,Younger Millennials
5383,Melyssa,11/7/2018,N,1994,Younger Millennials
5384,Mariam,6/11/2018,F,1991,Younger Millennials
5385,Hashim,24/6/2018,M,1983,Older Millennials
5386,Dane,1/12/2018,M,1993,Younger Millennials
5387,Brenda,23/6/2018,F,1983,Older Millennials
5388,Jerry,4/8/2018,N,1994,Younger Millennials
5389,Teegan,20/7/2017,F,1962,Baby Boomers
5390,Meredith,10/8/2018,F,1986,Older Millennials
5391,Uma,2/10/2017,F,1967,Gen X
5392,Chaim,10/10/2018,M,1990,Younger Millennials
5393,Alfreda,17/8/2017,F,1964,Baby Boomers
5394,Phillip,11/8/2018,N,1995,Gen Z
5395,Dacey,3/2/2018,F,1974,Gen X
5396,Iris,24/12/2017,F,1972,Gen X
5397,Moana,25/9/2017,N,1987,Older Millennials
5398,Joan,25/7/2018,F,1985,Older Millennials
5399,Howard,26/7/2017,M,1962,Baby Boomers
5400,Felix,26/2/2019,M,1998,Gen Z
5401,Edan,6/9/2018,N,1995,Gen Z
5402,Cade,19/1/2018,M,1973,Gen X
5403,Nerea,6/1/2017,N,1980,Older Millennials
5404,Maia,18/3/2017,F,1954,Baby Boomers
5405,Portia,27/10/2017,F,1968,Gen X
5406,Caldwell,27/12/2018,N,1998,Gen Z
5407,Brenna,16/6/2018,F,1982,Older Millennials
5408,Todd,16/7/2017,N,1985,Older Millennials
5409,Lucy,11/9/2017,F,1965,Gen X
5410,Laurel,20/6/2017,F,1960,Baby Boomers
5411,Chaim,5/4/2019,M,2001,Gen Z
5412,Brielle,7/6/2018,F,1982,Older Millennials
5413,Wylie,15/7/2018,M,1984,Older Millennials
5414,Lois,9/6/2018,F,1982,Older Millennials
5415,Jamal,1/2/2019,M,1997,Gen Z
5416,Denise,8/11/2018,F,1991,Younger Millennials
5417,Martina,13/5/2018,F,1980,Older Millennials
5418,Malachi,29/3/2018,M,1978,Gen X
5419,Rhonda,10/5/2018,F,1980,Older Millennials
5420,Jackson,27/2/2018,N,1990,Younger Millennials
5421,Jaime,30/4/2018,N,1992,Younger Millennials
5422,Demetria,26/2/2018,F,1976,Gen X
5423,Astra,4/1/2018,F,1972,Gen X
5424,Willow,5/8/2017,F,1963,Baby Boomers
5425,Emery,9/9/2018,M,1988,Older Millennials
5426,Orli,30/3/2019,F,2000,Gen Z
5427,Cassandra,21/11/2017,F,1970,Gen X
5428,Hall,8/1/2019,M,1995,Gen Z
5429,Angelica,16/9/2017,F,1966,Gen X
5430,Gabriel,18/1/2018,N,1989,Older Millennials
5431,Emily,23/3/2018,N,1991,Younger Millennials
5432,Joy,28/3/2017,N,1982,Older Millennials
5433,Kasimir,16/9/2017,N,1986,Older Millennials
5434,Roanna,20/1/2019,N,1999,Gen Z
5435,Wynne,9/1/2018,F,1973,Gen X
5436,Shelby,19/11/2017,N,1988,Older Millennials
5437,Zelda,6/4/2019,N,2001,Gen Z
5438,Kaitlin,8/12/2018,F,1993,Younger Millennials
5439,Nichole,15/5/2017,F,1958,Baby Boomers
5440,Jeremy,19/2/2017,M,1953,Baby Boomers
5441,Adara,23/7/2018,F,1985,Older Millennials
5442,Camilla,1/8/2018,N,1994,Younger Millennials
5443,Glenna,20/9/2017,F,1966,Gen X
5444,Fiona,6/7/2017,N,1984,Older Millennials
5445,Bradley,1/2/2019,N,1999,Gen Z
5446,Zachery,7/3/2017,N,1981,Older Millennials
5447,Declan,4/7/2018,N,1994,Younger Millennials
5448,Mason,11/9/2018,N,1995,Gen Z
5449,Alyssa,2/1/2019,F,1995,Gen Z
5450,Keefe,5/7/2018,M,1984,Older Millennials
5451,Cassady,28/12/2018,F,1995,Gen Z
5452,Audrey,13/10/2017,F,1967,Gen X
5453,Elvis,26/8/2017,M,1964,Baby Boomers
5454,Mufutau,22/2/2019,N,2000,Gen Z
5455,Minerva,21/7/2018,F,1985,Older Millennials
5456,Chadwick,14/10/2017,N,1987,Older Millennials
5457,Hashim,6/10/2017,M,1967,Gen X
5458,Brenna,31/5/2017,F,1959,Baby Boomers
5459,Medge,23/7/2017,F,1962,Baby Boomers
5460,Byron,10/11/2018,M,1992,Younger Millennials
5461,Griffin,24/5/2017,M,1959,Baby Boomers
5462,Jada,5/3/2019,F,1999,Gen Z
5463,Hayley,24/4/2018,F,1979,Gen X
5464,Alisa,12/6/2018,N,1993,Younger Millennials
5465,Octavia,12/12/2018,F,1994,Younger Millennials
5466,Jaquelyn,18/6/2018,F,1983,Older Millennials
5467,Edward,1/7/2017,M,1961,Baby Boomers
5468,Bree,26/3/2019,F,2000,Gen Z
5469,Rhoda,16/3/2017,F,1954,Baby Boomers
5470,Aline,25/10/2017,F,1968,Gen X
5471,Marah,25/8/2017,N,1986,Older Millennials
5472,Gloria,11/2/2017,N,1981,Older Millennials
5473,Daryl,29/5/2017,F,1959,Baby Boomers
5474,Boris,7/10/2018,N,1996,Gen Z
5475,Colette,12/5/2018,N,1992,Younger Millennials
5476,Haviva,6/10/2017,F,1967,Gen X
5477,Jaquelyn,17/12/2018,F,1994,Younger Millennials
5478,Marvin,2/9/2018,M,1987,Older Millennials
5479,Alfreda,6/2/2017,N,1981,Older Millennials
5480,Desiree,24/4/2017,F,1957,Baby Boomers
5481,Peter,18/8/2018,N,1995,Gen Z
5482,Martha,18/10/2018,F,1990,Younger Millennials
5483,Lucy,1/1/2018,N,1989,Older Millennials
5484,Ira,16/4/2017,N,1982,Older Millennials
5485,Shelly,12/11/2018,F,1992,Younger Millennials
5486,Odette,13/3/2019,N,2000,Gen Z
5487,Desirae,21/3/2018,N,1991,Younger Millennials
5488,Levi,29/5/2018,N,1993,Younger Millennials
5489,Damon,8/8/2017,M,1963,Baby Boomers
5490,Gabriel,8/2/2019,M,1997,Gen Z
5491,Jared,29/1/2019,M,1996,Gen Z
5492,Marah,11/9/2018,F,1988,Older Millennials
5493,September,20/10/2017,F,1968,Gen X
5494,Ruby,29/11/2018,F,1993,Younger Millennials
5495,Elton,12/8/2018,M,1986,Older Millennials
5496,Quynn,29/8/2018,F,1987,Older Millennials
5497,Lawrence,6/10/2018,M,1989,Older Millennials
5498,Julie,18/1/2017,F,1951,Baby Boomers
5499,Mia,21/9/2018,F,1988,Older Millennials
5500,Dana,4/1/2017,F,1950,Baby Boomers
5501,Kyra,7/7/2018,F,1984,Older Millennials
5502,Chancellor,19/2/2018,M,1975,Gen X
5503,Aaron,24/10/2017,N,1987,Older Millennials
5504,Trevor,26/4/2017,M,1957,Baby Boomers
5505,Meredith,16/1/2019,F,1996,Gen Z
5506,Xandra,23/10/2018,F,1990,Younger Millennials
5507,Lana,5/12/2017,F,1971,Gen X
5508,Zenaida,28/3/2018,F,1978,Gen X
5509,Norman,5/11/2018,N,1997,Gen Z
5510,Alea,21/3/2017,F,1955,Baby Boomers
5511,Driscoll,26/2/2018,M,1976,Gen X
5512,Hayley,11/4/2018,F,1978,Gen X
5513,Clarke,29/12/2018,N,1998,Gen Z
5514,Lionel,5/8/2017,M,1963,Baby Boomers
5515,Basil,11/7/2017,N,1985,Older Millennials
5516,Jada,20/6/2017,N,1984,Older Millennials
5517,Bianca,23/7/2018,N,1994,Younger Millennials
5518,Abra,5/2/2017,F,1952,Baby Boomers
5519,Orlando,16/3/2018,N,1991,Younger Millennials
5520,Leigh,22/2/2019,F,1998,Gen Z
5521,Tanya,8/9/2018,N,1995,Gen Z
5522,Kareem,22/2/2019,M,1998,Gen Z
5523,Mikayla,22/1/2019,N,1999,Gen Z
5524,Marny,26/5/2018,F,1981,Older Millennials
5525,Deirdre,20/1/2019,F,1996,Gen Z
5526,Ali,15/12/2018,M,1994,Younger Millennials
5527,Rahim,3/6/2017,N,1984,Older Millennials
5528,David,20/2/2019,N,2000,Gen Z
5529,Kellie,7/12/2017,F,1971,Gen X
5530,Hall,22/3/2017,M,1955,Baby Boomers
5531,Demetrius,23/2/2017,M,1953,Baby Boomers
5532,Erich,22/1/2018,M,1974,Gen X
5533,Oscar,23/12/2017,N,1989,Older Millennials
5534,Genevieve,8/5/2017,N,1983,Older Millennials
5535,Ayanna,24/1/2017,F,1951,Baby Boomers
5536,Griffin,26/2/2017,M,1953,Baby Boomers
5537,Kimberly,11/1/2017,F,1950,Baby Boomers
5538,Ashton,3/11/2018,M,1991,Younger Millennials
5539,Melissa,11/9/2017,N,1986,Older Millennials
5540,Kamal,19/4/2018,M,1979,Gen X
5541,Zelda,30/3/2018,F,1978,Gen X
5542,Samuel,12/10/2017,N,1987,Older Millennials
5543,Hop,10/11/2017,N,1988,Older Millennials
5544,Boris,31/5/2018,M,1981,Older Millennials
5545,Vanna,27/3/2017,F,1955,Baby Boomers
5546,Karen,6/1/2019,N,1998,Gen Z
5547,Calvin,17/6/2017,M,1960,Baby Boomers
5548,Vielka,31/5/2018,F,1981,Older Millennials
5549,Gwendolyn,3/11/2017,F,1969,Gen X
5550,Branden,14/3/2018,N,1991,Younger Millennials
5551,Hilary,28/2/2018,F,1976,Gen X
5552,Akeem,22/8/2018,M,1987,Older Millennials
5553,Cameran,16/10/2018,F,1990,Younger Millennials
5554,Geraldine,4/4/2018,F,1978,Gen X
5555,Andrew,19/3/2019,M,1999,Gen Z
5556,Ahmed,3/6/2018,M,1982,Older Millennials
5557,Allegra,22/6/2018,N,1993,Younger Millennials
5558,Armando,9/3/2017,M,1954,Baby Boomers
5559,Keegan,7/10/2017,N,1987,Older Millennials
5560,Nehru,10/5/2018,N,1992,Younger Millennials
5561,Cora,30/7/2017,F,1963,Baby Boomers
5562,Hyacinth,16/8/2018,N,1995,Gen Z
5563,Armando,1/1/2019,N,1998,Gen Z
5564,Tanner,9/3/2018,N,1991,Younger Millennials
5565,Uriel,28/11/2018,N,1997,Gen Z
5566,Lana,17/11/2017,F,1969,Gen X
5567,Richard,1/7/2018,M,1983,Older Millennials
5568,Violet,18/2/2017,N,1981,Older Millennials
5569,Dominic,5/1/2017,M,1950,Baby Boomers
5570,Carl,9/4/2018,N,1991,Younger Millennials
5571,Kirsten,25/7/2017,F,1962,Baby Boomers
5572,Shelby,6/4/2017,F,1956,Baby Boomers
5573,Jessica,14/10/2018,N,1996,Gen Z
5574,Dai,9/3/2018,F,1976,Gen X
5575,Marcia,13/1/2017,F,1950,Baby Boomers
5576,Lila,4/10/2018,F,1989,Older Millennials
5577,Melinda,22/6/2017,N,1984,Older Millennials
5578,Cadman,17/10/2018,M,1990,Younger Millennials
5579,Sierra,25/1/2018,F,1974,Gen X
5580,Shellie,10/6/2017,N,1984,Older Millennials
5581,Vernon,28/7/2017,N,1985,Older Millennials
5582,Cyrus,28/6/2017,M,1961,Baby Boomers
5583,Janna,29/1/2018,F,1974,Gen X
5584,Yael,5/6/2018,F,1982,Older Millennials
5585,Anika,6/8/2018,N,1995,Gen Z
5586,Kenyon,23/4/2018,M,1979,Gen X
5587,Avye,16/4/2018,N,1992,Younger Millennials
5588,Pandora,24/2/2019,F,1998,Gen Z
5589,Paula,15/4/2017,F,1956,Baby Boomers
5590,Tara,20/4/2018,F,1979,Gen X
5591,Rose,26/4/2017,F,1957,Baby Boomers
5592,Daniel,20/9/2018,N,1996,Gen Z
5593,Bruno,3/5/2018,N,1992,Younger Millennials
5594,Britanney,9/10/2017,F,1967,Gen X
5595,Steel,4/2/2018,N,1990,Younger Millennials
5596,Linus,30/8/2017,N,1986,Older Millennials
5597,Mira,30/10/2018,F,1991,Younger Millennials
5598,MacKenzie,22/11/2017,N,1988,Older Millennials
5599,Clementine,18/1/2018,F,1973,Gen X
5600,Latifah,8/2/2018,F,1975,Gen X
5601,Harper,15/1/2017,M,1951,Baby Boomers
5602,Briar,4/3/2019,N,2000,Gen Z
5603,Rina,3/8/2018,F,1985,Older Millennials
5604,Ulysses,24/6/2017,M,1960,Baby Boomers
5605,Megan,16/7/2018,N,1994,Younger Millennials
5606,Shea,25/9/2018,F,1989,Older Millennials
5607,Bradley,7/11/2018,N,1997,Gen Z
5608,Reuben,18/7/2018,M,1984,Older Millennials
5609,Mikayla,15/11/2017,F,1969,Gen X
5610,Evangeline,19/3/2019,F,1999,Gen Z
5611,Georgia,12/5/2017,F,1958,Baby Boomers
5612,Wanda,18/7/2017,F,1962,Baby Boomers
5613,Jocelyn,19/11/2018,F,1992,Younger Millennials
5614,Perry,10/1/2019,N,1999,Gen Z
5615,Colton,1/1/2019,M,1995,Gen Z
5616,Hadassah,2/8/2017,N,1985,Older Millennials
5617,Alec,26/11/2017,N,1988,Older Millennials
5618,Jason,22/12/2018,M,1994,Younger Millennials
5619,Lyle,21/6/2017,M,1960,Baby Boomers
5620,Felix,23/1/2017,N,1980,Older Millennials
5621,Aurelia,5/9/2018,F,1987,Older Millennials
5622,Joelle,28/8/2017,F,1964,Baby Boomers
5623,Malcolm,11/7/2018,M,1984,Older Millennials
5624,Mariam,22/4/2017,F,1957,Baby Boomers
5625,Ivory,9/1/2019,F,1995,Gen Z
5626,Summer,26/2/2017,F,1953,Baby Boomers
5627,Deborah,27/1/2019,F,1996,Gen Z
5628,Francesca,19/12/2017,F,1971,Gen X
5629,Jescie,4/6/2017,F,1959,Baby Boomers
5630,Holly,24/8/2017,F,1964,Baby Boomers
5631,Heidi,22/12/2018,N,1998,Gen Z
5632,Kane,23/9/2018,N,1996,Gen Z
5633,Whoopi,24/5/2017,F,1959,Baby Boomers
5634,Regina,29/4/2018,F,1980,Older Millennials
5635,Hadassah,8/11/2017,F,1969,Gen X
5636,Katelyn,24/11/2018,F,1992,Younger Millennials
5637,Maxine,10/12/2018,F,1993,Younger Millennials
5638,Stephen,5/5/2018,N,1992,Younger Millennials
5639,Marny,7/3/2019,F,1999,Gen Z
5640,Victoria,11/8/2017,N,1985,Older Millennials
5641,Tad,13/2/2019,N,1999,Gen Z
5642,Hanae,28/6/2018,F,1983,Older Millennials
5643,Thaddeus,12/1/2018,M,1973,Gen X
5644,Brielle,19/2/2019,F,1998,Gen Z
5645,Xyla,18/4/2018,N,1992,Younger Millennials
5646,Chadwick,3/10/2018,M,1989,Older Millennials
5647,Moana,9/1/2017,N,1980,Older Millennials
5648,Haviva,19/3/2018,F,1977,Gen X
5649,Camden,3/11/2017,M,1969,Gen X
5650,Alexandra,7/4/2017,N,1982,Older Millennials
5651,Sade,7/9/2017,F,1965,Gen X
5652,Idona,31/8/2018,F,1987,Older Millennials
5653,Eve,25/3/2018,F,1977,Gen X
5654,Jocelyn,15/1/2018,N,1989,Older Millennials
5655,Cadman,15/6/2018,N,1993,Younger Millennials
5656,Jenette,5/3/2017,F,1954,Baby Boomers
5657,Malachi,26/3/2017,M,1955,Baby Boomers
5658,Gemma,27/1/2018,F,1974,Gen X
5659,Liberty,30/9/2018,F,1989,Older Millennials
5660,Elijah,28/10/2018,N,1997,Gen Z
5661,Zoe,26/5/2017,F,1959,Baby Boomers
5662,Avye,18/9/2018,F,1988,Older Millennials
5663,Bo,8/1/2018,N,1989,Older Millennials
5664,Nichole,17/2/2018,F,1975,Gen X
5665,Ishmael,5/9/2018,M,1987,Older Millennials
5666,Carlos,20/10/2018,M,1990,Younger Millennials
5667,Maya,28/4/2017,N,1983,Older Millennials
5668,Sean,29/4/2018,M,1980,Older Millennials
5669,Octavius,21/11/2018,N,1997,Gen Z
5670,Isaac,2/11/2018,N,1997,Gen Z
5671,Velma,5/12/2018,F,1993,Younger Millennials
5672,Imogene,30/9/2018,N,1996,Gen Z
5673,Camilla,1/11/2018,F,1991,Younger Millennials
5674,Nina,23/3/2019,N,2000,Gen Z
5675,Quinlan,12/9/2018,M,1988,Older Millennials
5676,Sharon,2/10/2018,F,1989,Older Millennials
5677,Jelani,23/2/2018,N,1990,Younger Millennials
5678,Barry,21/11/2017,M,1970,Gen X
5679,Joy,22/11/2018,F,1992,Younger Millennials
5680,Barbara,17/11/2018,F,1992,Younger Millennials
5681,Armand,5/3/2019,M,1999,Gen Z
5682,Mercedes,31/12/2018,F,1995,Gen Z
5683,Mia,6/9/2017,N,1986,Older Millennials
5684,Audra,21/12/2017,F,1972,Gen X
5685,Dolan,16/8/2017,N,1985,Older Millennials
5686,Caleb,29/10/2017,N,1987,Older Millennials
5687,Justina,28/11/2017,F,1970,Gen X
5688,Nathan,17/5/2018,M,1981,Older Millennials
5689,Rina,16/2/2017,F,1953,Baby Boomers
5690,Jerry,24/10/2018,M,1990,Younger Millennials
5691,Gloria,7/3/2017,F,1954,Baby Boomers
5692,Mariko,22/5/2017,F,1958,Baby Boomers
5693,Perry,13/9/2018,N,1995,Gen Z
5694,Aiko,21/9/2017,N,1986,Older Millennials
5695,Maggie,12/3/2019,F,1999,Gen Z
5696,Mia,13/12/2017,N,1989,Older Millennials
5697,Morgan,27/6/2017,F,1961,Baby Boomers
5698,Ariana,2/6/2018,F,1982,Older Millennials
5699,Marny,28/12/2017,F,1972,Gen X
5700,Basia,27/9/2017,F,1966,Gen X
5701,Beatrice,23/8/2018,N,1995,Gen Z
5702,Calvin,7/11/2017,M,1969,Gen X
5703,Jessica,10/2/2019,F,1997,Gen Z
5704,Amethyst,6/4/2019,F,2001,Gen Z
5705,Kane,26/10/2018,N,1997,Gen Z
5706,Karly,5/11/2017,F,1969,Gen X
5707,Jason,30/1/2018,N,1990,Younger Millennials
5708,Megan,9/3/2019,N,2000,Gen Z
5709,Colby,15/2/2019,N,1999,Gen Z
5710,Jaquelyn,1/4/2017,F,1955,Baby Boomers
5711,Colby,9/3/2017,N,1981,Older Millennials
5712,Keely,2/3/2017,F,1953,Baby Boomers
5713,Rhonda,4/5/2018,F,1980,Older Millennials
5714,Wendy,3/10/2017,N,1987,Older Millennials
5715,Daphne,14/12/2017,F,1971,Gen X
5716,Amal,16/9/2017,M,1966,Gen X
5717,Elaine,26/4/2017,N,1983,Older Millennials
5718,Yetta,7/1/2019,F,1995,Gen Z
5719,Hamish,5/4/2018,M,1978,Gen X
5720,Leila,29/5/2018,F,1981,Older Millennials
5721,Garth,29/7/2017,M,1963,Baby Boomers
5722,Savannah,23/3/2017,F,1955,Baby Boomers
5723,Debra,9/9/2017,F,1965,Gen X
5724,Indira,13/4/2018,F,1979,Gen X
5725,Gay,18/2/2018,N,1990,Younger Millennials
5726,Cyrus,31/10/2018,M,1991,Younger Millennials
5727,Martin,6/1/2018,N,1989,Older Millennials
5728,Rudyard,20/5/2018,M,1981,Older Millennials
5729,Ginger,19/6/2018,N,1993,Younger Millennials
5730,Timon,15/6/2017,N,1984,Older Millennials
5731,Fallon,30/3/2018,N,1991,Younger Millennials
5732,Summer,1/4/2018,F,1978,Gen X
5733,Kasimir,25/7/2018,M,1985,Older Millennials
5734,Fiona,13/1/2018,N,1989,Older Millennials
5735,Travis,23/1/2018,N,1990,Younger Millennials
5736,Patrick,4/1/2017,N,1980,Older Millennials
5737,Aurora,18/7/2018,F,1984,Older Millennials
5738,Melvin,12/2/2018,M,1975,Gen X
5739,Ignatius,2/7/2017,N,1984,Older Millennials
5740,Shea,10/3/2019,F,1999,Gen Z
5741,Azalia,17/2/2019,N,1999,Gen Z
5742,Marcia,13/7/2017,F,1962,Baby Boomers
5743,Dexter,28/6/2018,M,1983,Older Millennials
5744,Colleen,9/7/2018,F,1984,Older Millennials
5745,Walter,19/9/2018,M,1988,Older Millennials
5746,Sage,25/7/2017,N,1985,Older Millennials
5747,Todd,3/6/2017,M,1959,Baby Boomers
5748,Echo,19/12/2018,F,1994,Younger Millennials
5749,Griffin,5/2/2019,M,1997,Gen Z
5750,Brenna,15/8/2017,F,1964,Baby Boomers
5751,Portia,25/1/2018,N,1990,Younger Millennials
5752,Vielka,6/8/2017,N,1985,Older Millennials
5753,Vielka,16/2/2017,N,1981,Older Millennials
5754,Hollee,1/2/2018,N,1990,Younger Millennials
5755,Brandon,1/6/2017,N,1984,Older Millennials
5756,Jerry,13/12/2018,N,1998,Gen Z
5757,Ora,10/12/2017,F,1971,Gen X
5758,Tanisha,24/11/2017,N,1988,Older Millennials
5759,Dalton,1/5/2017,N,1983,Older Millennials
5760,Darius,21/6/2018,M,1983,Older Millennials
5761,Judah,19/4/2017,M,1956,Baby Boomers
5762,Laith,15/3/2018,M,1977,Gen X
5763,Ruby,21/2/2017,N,1981,Older Millennials
5764,Castor,5/8/2018,M,1986,Older Millennials
5765,Peter,5/12/2017,M,1971,Gen X
5766,Chelsea,17/4/2017,F,1956,Baby Boomers
5767,Leslie,1/5/2017,F,1957,Baby Boomers
5768,Keiko,20/1/2017,F,1951,Baby Boomers
5769,Jamal,3/1/2019,N,1998,Gen Z
5770,Thomas,5/2/2017,M,1952,Baby Boomers
5771,Seth,22/3/2019,M,2000,Gen Z
5772,Maris,10/11/2017,F,1969,Gen X
5773,Lani,8/2/2019,N,1999,Gen Z
5774,Wang,10/6/2018,N,1993,Younger Millennials
5775,Jasper,8/12/2018,M,1993,Younger Millennials
5776,Brett,7/5/2017,M,1957,Baby Boomers
5777,Colton,15/12/2018,N,1998,Gen Z
5778,Zelenia,8/4/2017,F,1956,Baby Boomers
5779,Rama,17/5/2018,N,1992,Younger Millennials
5780,Keegan,9/2/2018,M,1975,Gen X
5781,Demetrius,3/5/2018,M,1980,Older Millennials
5782,Bethany,14/2/2017,F,1952,Baby Boomers
5783,Brynne,29/5/2017,N,1983,Older Millennials
5784,Inez,13/8/2018,F,1986,Older Millennials
5785,Carol,11/1/2018,N,1989,Older Millennials
5786,Elliott,3/2/2019,N,1999,Gen Z
5787,Dai,2/3/2018,N,1991,Younger Millennials
5788,Karly,14/8/2017,N,1985,Older Millennials
5789,Regan,28/3/2019,N,2000,Gen Z
5790,Lani,12/2/2018,F,1975,Gen X
5791,Pascale,11/6/2017,F,1960,Baby Boomers
5792,Bert,24/11/2018,M,1992,Younger Millennials
5793,Ciara,24/3/2017,N,1982,Older Millennials
5794,Fletcher,29/9/2018,M,1989,Older Millennials
5795,Patricia,2/3/2018,F,1976,Gen X
5796,Grant,17/11/2018,M,1992,Younger Millennials
5797,Emi,11/7/2018,F,1984,Older Millennials
5798,Merritt,5/3/2017,M,1954,Baby Boomers
5799,Karly,20/12/2018,N,1998,Gen Z
5800,Willow,4/3/2017,N,1981,Older Millennials
5801,Chase,2/4/2019,M,2000,Gen Z
5802,Selma,27/5/2017,N,1983,Older Millennials
5803,Julie,27/6/2018,N,1993,Younger Millennials
5804,Sarah,3/2/2017,F,1952,Baby Boomers
5805,Lavinia,19/10/2017,N,1987,Older Millennials
5806,Jena,24/8/2018,F,1987,Older Millennials
5807,Cailin,5/2/2019,F,1997,Gen Z
5808,Hall,29/3/2019,M,2000,Gen Z
5809,Remedios,22/8/2017,F,1964,Baby Boomers
5810,Leigh,30/1/2019,F,1997,Gen Z
5811,Nerea,11/3/2018,N,1991,Younger Millennials
5812,Orson,15/3/2019,M,1999,Gen Z
5813,Regina,30/1/2017,N,1980,Older Millennials
5814,Naomi,26/3/2017,N,1982,Older Millennials
5815,Todd,12/4/2018,M,1978,Gen X
5816,Brett,10/10/2017,N,1987,Older Millennials
5817,Serina,9/6/2017,F,1960,Baby Boomers
5818,Anastasia,14/2/2018,F,1975,Gen X
5819,Ciara,26/11/2017,F,1970,Gen X
5820,Amery,6/3/2018,N,1991,Younger Millennials
5821,Imogene,25/2/2017,N,1981,Older Millennials
5822,Aline,4/9/2017,N,1986,Older Millennials
5823,Giacomo,8/7/2018,M,1984,Older Millennials
5824,Zahir,13/10/2018,M,1990,Younger Millennials
5825,Denise,21/4/2017,N,1983,Older Millennials
5826,Indigo,3/2/2019,F,1997,Gen Z
5827,Stephen,5/2/2018,M,1974,Gen X
5828,Gil,5/11/2017,N,1988,Older Millennials
5829,Nomlanga,11/3/2017,F,1954,Baby Boomers
5830,Mollie,14/9/2018,F,1988,Older Millennials
5831,Debra,12/3/2017,N,1981,Older Millennials
5832,Barbara,24/5/2018,F,1981,Older Millennials
5833,Elizabeth,11/10/2018,F,1990,Younger Millennials
5834,Reed,15/2/2019,M,1998,Gen Z
5835,Gabriel,5/1/2018,M,1972,Gen X
5836,Constance,24/6/2018,N,1993,Younger Millennials
5837,Luke,24/5/2017,N,1983,Older Millennials
5838,Urielle,23/3/2019,F,2000,Gen Z
5839,Raja,14/5/2017,M,1958,Baby Boomers
5840,Chastity,6/4/2018,F,1978,Gen X
5841,Stephen,12/1/2019,M,1995,Gen Z
5842,Price,22/5/2017,N,1983,Older Millennials
5843,Octavia,17/10/2017,N,1987,Older Millennials
5844,Felicia,11/3/2019,N,2000,Gen Z
5845,Colorado,9/4/2019,N,2001,Gen Z
5846,Tate,7/6/2018,M,1982,Older Millennials
5847,Stacey,30/7/2018,F,1985,Older Millennials
5848,Sharon,14/7/2017,N,1985,Older Millennials
5849,Zephania,12/3/2019,M,1999,Gen Z
5850,Robert,12/3/2017,M,1954,Baby Boomers
5851,Camden,5/10/2017,N,1987,Older Millennials
5852,Shafira,26/8/2018,F,1987,Older Millennials
5853,Thor,29/12/2017,M,1972,Gen X
5854,Beatrice,9/11/2018,N,1997,Gen Z
5855,Noel,4/7/2017,N,1984,Older Millennials
5856,Kylie,31/10/2018,N,1997,Gen Z
5857,Josiah,10/6/2018,M,1982,Older Millennials
5858,Macaulay,7/6/2018,N,1993,Younger Millennials
5859,Chantale,1/11/2017,F,1968,Gen X
5860,Stacy,3/12/2018,F,1993,Younger Millennials
5861,Burke,3/10/2017,M,1967,Gen X
5862,Irene,23/2/2017,N,1981,Older Millennials
5863,Colin,4/12/2017,N,1988,Older Millennials
5864,Meghan,8/1/2017,F,1950,Baby Boomers
5865,Owen,28/3/2018,N,1991,Younger Millennials
5866,Steven,10/10/2017,M,1967,Gen X
5867,Colleen,2/7/2018,F,1983,Older Millennials
5868,Ulla,20/1/2018,F,1973,Gen X
5869,Liberty,14/1/2019,F,1996,Gen Z
5870,Noah,12/11/2017,N,1988,Older Millennials
5871,Cassady,20/5/2017,N,1983,Older Millennials
5872,Kieran,12/3/2018,M,1977,Gen X
5873,Willow,9/7/2017,F,1961,Baby Boomers
5874,Shannon,20/8/2018,N,1995,Gen Z
5875,Jada,2/6/2017,F,1959,Baby Boomers
5876,Hamish,31/10/2017,M,1968,Gen X
5877,Kylee,14/3/2017,F,1954,Baby Boomers
5878,Kay,17/1/2019,N,1999,Gen Z
5879,Davis,19/8/2017,M,1964,Baby Boomers
5880,Benedict,6/5/2018,M,1980,Older Millennials
5881,Virginia,23/8/2017,N,1986,Older Millennials
5882,Rebekah,30/8/2018,N,1995,Gen Z
5883,Chantale,24/6/2017,N,1984,Older Millennials
5884,Fulton,1/3/2018,M,1976,Gen X
5885,Rhiannon,3/11/2017,N,1987,Older Millennials
5886,Howard,15/3/2017,M,1954,Baby Boomers
5887,Jescie,22/1/2018,F,1974,Gen X
5888,Ayanna,25/9/2018,N,1996,Gen Z
5889,Leroy,13/2/2017,N,1981,Older Millennials
5890,Caryn,4/7/2017,F,1961,Baby Boomers
5891,Brendan,2/2/2018,M,1974,Gen X
5892,Gwendolyn,10/5/2017,N,1983,Older Millennials
5893,William,5/7/2017,M,1961,Baby Boomers
5894,Hashim,29/1/2017,M,1951,Baby Boomers
5895,Jasmine,7/9/2018,F,1988,Older Millennials
5896,Hoyt,27/1/2019,N,1999,Gen Z
5897,Eugenia,15/2/2019,F,1998,Gen Z
5898,Idola,2/9/2018,F,1987,Older Millennials
5899,Addison,18/12/2018,M,1994,Younger Millennials
5900,Maggie,4/4/2019,F,2000,Gen Z
5901,Hilda,21/3/2019,F,2000,Gen Z
5902,Abbot,26/1/2019,M,1996,Gen Z
5903,Brenden,18/3/2019,N,2000,Gen Z
5904,Rae,17/2/2019,F,1998,Gen Z
5905,Riley,17/5/2017,F,1958,Baby Boomers
5906,Jermaine,19/3/2017,M,1954,Baby Boomers
5907,Giselle,23/7/2017,N,1985,Older Millennials
5908,Tad,26/1/2017,M,1951,Baby Boomers
5909,Althea,12/2/2019,F,1997,Gen Z
5910,Moana,4/9/2018,N,1995,Gen Z
5911,Cara,1/8/2017,F,1963,Baby Boomers
5912,Aspen,1/2/2019,F,1997,Gen Z
5913,Xyla,29/6/2017,N,1984,Older Millennials
5914,Abraham,19/3/2017,N,1982,Older Millennials
5915,Quintessa,26/2/2019,F,1998,Gen Z
5916,Joan,18/6/2017,F,1960,Baby Boomers
5917,Raphael,9/9/2017,M,1965,Gen X
5918,Constance,5/7/2018,F,1984,Older Millennials
5919,Dillon,8/6/2017,N,1984,Older Millennials
5920,Zorita,11/7/2017,F,1962,Baby Boomers
5921,Charissa,24/10/2018,N,1997,Gen Z
5922,Baxter,8/1/2018,M,1973,Gen X
5923,Charity,9/10/2018,F,1990,Younger Millennials
5924,Jorden,23/9/2017,N,1986,Older Millennials
5925,Aiko,3/5/2017,F,1957,Baby Boomers
5926,Ulysses,10/5/2017,M,1958,Baby Boomers
5927,Hayes,8/12/2017,N,1988,Older Millennials
5928,Slade,13/1/2019,N,1999,Gen Z
5929,Bryar,2/7/2017,F,1961,Baby Boomers
5930,Kyla,14/10/2018,F,1990,Younger Millennials
5931,Maggy,30/12/2017,N,1989,Older Millennials
5932,Brooke,9/3/2017,F,1954,Baby Boomers
5933,Lee,26/1/2018,M,1974,Gen X
5934,Ainsley,8/2/2019,F,1997,Gen Z
5935,Jenette,26/11/2018,N,1997,Gen Z
5936,Ivor,1/8/2018,M,1985,Older Millennials
5937,Medge,24/11/2017,F,1970,Gen X
5938,Petra,5/10/2018,N,1996,Gen Z
5939,Hope,9/4/2019,F,2001,Gen Z
5940,Macon,12/9/2017,M,1965,Gen X
5941,Ivana,1/9/2018,N,1995,Gen Z
5942,Azalia,15/5/2017,N,1983,Older Millennials
5943,Charde,7/10/2018,F,1989,Older Millennials
5944,Aspen,25/10/2018,F,1991,Younger Millennials
5945,Miriam,2/1/2018,F,1972,Gen X
8001,Lunea,6/2/2017,N,1998,Gen Z
8002,Lenore,22/10/2017,N,1995,Gen Z
8003,Vera,19/1/2017,F,1991,Younger Millennials
8004,Logan,1/6/2017,M,1971,Gen X
8005,Colette,16/12/2017,F,1970,Gen X
8006,Zena,15/2/2019,F,1992,Younger Millennials
8007,Ivan,6/10/2017,M,1965,Gen X
8008,Tanya,17/6/2018,F,1992,Younger Millennials
8009,Germaine,11/6/2018,N,1993,Younger Millennials
8010,Dalton,30/1/2018,M,1961,Baby Boomers
8011,Bryar,28/11/2018,F,1986,Older Millennials
8012,Brynne,17/6/2017,F,1951,Baby Boomers
8013,Echo,5/12/2017,F,1957,Baby Boomers
8014,Dolan,12/1/2019,N,1994,Younger Millennials
8015,Hedwig,20/5/2018,F,1951,Baby Boomers
8016,Malik,19/9/2017,N,1991,Younger Millennials
8017,Uriel,22/3/2018,N,1997,Gen Z
8018,Malachi,17/3/2018,M,1988,Older Millennials
8019,Kiayada,15/5/2018,F,1991,Younger Millennials
8020,Cassandra,16/2/2017,F,1967,Gen X
8021,Risa,11/7/2017,F,1972,Gen X
8022,Allen,24/1/2017,M,1967,Gen X
8023,Eagan,7/8/2017,M,1992,Younger Millennials
8024,Julian,20/1/2018,N,1999,Gen Z
8025,McKenzie,2/4/2017,F,1979,Gen X
8026,Alexander,15/11/2018,M,1962,Baby Boomers
8027,Odysseus,30/4/2017,N,1993,Younger Millennials
8028,Alfonso,4/4/2018,N,1995,Gen Z
8029,Kennedy,7/2/2018,M,1981,Older Millennials
8030,Deirdre,23/8/2018,F,1994,Younger Millennials
8031,Wyatt,24/7/2018,M,1973,Gen X
8032,Giacomo,13/10/2017,M,1959,Baby Boomers
8033,Akeem,16/9/2018,N,1994,Younger Millennials
8034,Bevis,24/8/2018,M,1974,Gen X
8035,Yuri,10/6/2018,N,1995,Gen Z
8036,Wylie,6/12/2018,N,1992,Younger Millennials
8037,Holly,7/5/2018,F,1967,Gen X
8038,Basil,26/9/2017,M,1970,Gen X
8039,Leonard,26/6/2017,M,1963,Baby Boomers
8040,Bradley,16/5/2018,M,1984,Older Millennials
8041,Amethyst,3/2/2019,F,1962,Baby Boomers
8042,Louis,3/7/2017,M,1995,Gen Z
8043,Darryl,23/9/2017,F,1982,Older Millennials
8044,Perry,18/5/2018,M,1953,Baby Boomers
8045,Barry,11/5/2018,M,1997,Gen Z
8046,Kessie,5/6/2018,F,1964,Baby Boomers
8047,Jaquelyn,19/7/2017,F,1973,Gen X
8048,Buckminster,21/8/2018,N,1996,Gen Z
8049,Ira,29/10/2017,N,1994,Younger Millennials
8050,Summer,22/1/2018,F,1961,Baby Boomers
8051,Phelan,17/1/2018,M,1985,Older Millennials
8052,Orla,7/1/2018,N,1996,Gen Z
8053,Mannix,19/10/2018,M,1981,Older Millennials
8054,Hashim,3/11/2018,M,1967,Gen X
8055,Bo,21/4/2018,F,1985,Older Millennials
8056,Jamalia,1/6/2018,F,1964,Baby Boomers
8057,Brady,12/2/2017,M,1960,Baby Boomers
8058,Sydnee,10/1/2019,N,1991,Younger Millennials
8059,Orlando,24/11/2018,M,1964,Baby Boomers
8060,Nell,14/1/2017,F,1994,Younger Millennials
8061,Mufutau,3/10/2018,M,1984,Older Millennials
8062,Meghan,27/12/2017,F,1963,Baby Boomers
8063,Neve,31/1/2017,F,1956,Baby Boomers
8064,Keane,26/10/2018,M,1989,Older Millennials
8065,Nero,29/5/2018,M,1995,Gen Z
8066,Oprah,2/6/2017,F,1991,Younger Millennials
8067,Denton,29/7/2018,M,1996,Gen Z
8068,Yoshi,29/8/2017,N,1992,Younger Millennials
8069,Brittany,25/9/2018,F,1967,Gen X
8070,Rahim,4/3/2017,M,1979,Gen X
8071,Simone,13/9/2018,F,1952,Baby Boomers
8072,Lana,30/10/2017,F,1973,Gen X
8073,Macon,16/6/2018,M,1959,Baby Boomers
8074,Anjolie,4/12/2018,N,1989,Older Millennials
8075,Evangeline,14/9/2018,F,1987,Older Millennials
8076,Stuart,3/3/2018,M,1968,Gen X
8077,Meredith,6/3/2017,F,1974,Gen X
8078,Hammett,25/7/2017,M,1978,Gen X
8079,Raphael,6/6/2017,M,1985,Older Millennials
8080,Lila,5/9/2018,F,1979,Gen X
8081,Dorothy,29/6/2017,F,1980,Older Millennials
8082,Zachery,17/8/2017,M,1981,Older Millennials
8083,Christen,23/8/2017,F,1990,Younger Millennials
8084,Holmes,18/1/2019,M,1963,Baby Boomers
8085,Rhea,13/7/2017,N,1990,Younger Millennials
8086,Damon,20/3/2018,M,1983,Older Millennials
8087,Nola,21/10/2018,F,1961,Baby Boomers
8088,Kareem,2/11/2018,M,1950,Baby Boomers
8089,Quintessa,27/3/2018,N,2000,Gen Z
8090,Montana,5/4/2017,F,1956,Baby Boomers
8091,Xandra,9/8/2018,F,1998,Gen Z
8092,Willow,23/1/2018,F,1991,Younger Millennials
8093,Rahim,30/5/2018,M,1988,Older Millennials
8094,Daria,20/2/2018,N,1992,Younger Millennials
8095,Rhonda,24/11/2017,F,1977,Gen X
8096,Plato,30/3/2019,N,1991,Younger Millennials
8097,Aline,4/3/2019,F,1976,Gen X
8098,Ariana,8/12/2017,F,1968,Gen X
8099,Amity,21/3/2018,F,1959,Baby Boomers
8100,Germane,26/1/2019,F,1968,Gen X
8101,Summer,20/12/2018,F,1974,Gen X
8102,Echo,22/2/2019,F,1987,Older Millennials
8103,Oliver,23/10/2017,M,1960,Baby Boomers
8104,Rajah,6/7/2017,N,1992,Younger Millennials
8105,Ryan,21/8/2017,M,1994,Younger Millennials
8106,Fiona,23/6/2017,F,1984,Older Millennials
8107,Lucas,16/9/2018,N,1995,Gen Z
8108,Marsden,4/9/2017,M,1981,Older Millennials
8109,Herman,25/4/2018,M,1960,Baby Boomers
8110,Oren,10/4/2017,M,1951,Baby Boomers
8111,Timothy,11/1/2018,M,1961,Baby Boomers
8112,Lucas,26/1/2018,N,1988,Older Millennials
8113,Hall,8/1/2017,M,1998,Gen Z
8114,Geraldine,30/3/2019,F,2000,Gen Z
8115,Iris,9/1/2017,F,1973,Gen X
8116,Alexis,14/9/2017,F,1967,Gen X
8117,Genevieve,22/6/2017,F,1984,Older Millennials
8118,Ralph,17/3/2017,M,1958,Baby Boomers
8119,Willow,13/4/2018,F,1969,Gen X
8120,Indira,20/10/2017,F,1990,Younger Millennials
8121,Rooney,25/3/2018,M,1996,Gen Z
8122,Winter,8/1/2017,F,1998,Gen Z
8123,Marny,8/6/2018,F,1972,Gen X
8124,Teegan,23/10/2018,F,1984,Older Millennials
8125,Hannah,4/2/2018,F,1974,Gen X
8126,Benjamin,4/6/2017,M,1960,Baby Boomers
8127,Benjamin,8/2/2017,M,1981,Older Millennials
8128,Graham,21/9/2018,N,1993,Younger Millennials
8129,Amanda,20/2/2018,F,1952,Baby Boomers
8130,Upton,21/5/2017,M,1981,Older Millennials
8131,Ray,3/5/2017,M,1971,Gen X
8132,Burton,7/8/2017,M,1960,Baby Boomers
8133,Shelby,19/9/2017,F,2000,Gen Z
8134,Signe,21/8/2017,F,1995,Gen Z
8135,Hollee,2/12/2018,F,1977,Gen X
8136,Kyra,17/12/2017,F,1993,Younger Millennials
8137,Hector,26/2/2019,M,1957,Baby Boomers
8138,Barclay,5/5/2017,N,1996,Gen Z
8139,Paki,24/4/2017,M,1957,Baby Boomers
8140,Dolan,21/10/2017,M,1965,Gen X
8141,Adara,2/10/2018,N,1990,Younger Millennials
8142,Dahlia,31/10/2017,F,1968,Gen X
8143,Uma,5/3/2018,N,1992,Younger Millennials
8144,Leslie,27/2/2018,F,1975,Gen X
8145,Beck,26/8/2018,M,1951,Baby Boomers
8146,Ciara,8/11/2017,N,1999,Gen Z
8147,Bianca,17/4/2018,N,1995,Gen Z
8148,Courtney,14/6/2017,F,1997,Gen Z
8149,Lev,5/8/2018,N,1996,Gen Z
8150,Orla,3/10/2017,F,1986,Older Millennials
8151,Burke,22/11/2017,M,1963,Baby Boomers
8152,Raven,18/10/2017,F,1972,Gen X
8153,Raya,9/12/2017,F,1964,Baby Boomers
8154,Raven,18/10/2018,N,1992,Younger Millennials
8155,Kitra,30/1/2017,F,1987,Older Millennials
8156,Hammett,2/6/2017,N,1989,Older Millennials
8157,Walter,16/4/2018,M,1990,Younger Millennials
8158,Martina,30/9/2018,F,1987,Older Millennials
8159,Tanya,13/9/2018,F,1955,Baby Boomers
8160,Blossom,18/6/2018,N,1999,Gen Z
8161,Chanda,13/8/2017,N,1995,Gen Z
8162,Erich,9/12/2018,M,1983,Older Millennials
8163,Perry,27/6/2017,N,1993,Younger Millennials
8164,Cameron,20/3/2019,M,1977,Gen X
8165,Jolie,11/10/2017,F,1994,Younger Millennials
8166,Aristotle,6/6/2018,M,1992,Younger Millennials
8167,Dean,14/3/2018,M,1953,Baby Boomers
8168,Jelani,23/5/2017,M,1978,Gen X
8169,Martha,7/8/2017,F,1980,Older Millennials
8170,Anne,18/2/2018,F,1950,Baby Boomers
8171,Yael,24/8/2018,F,1993,Younger Millennials
8172,Maggie,24/11/2018,F,1966,Gen X
8173,Roary,17/9/2018,F,2000,Gen Z
8174,Lunea,3/11/2017,F,1957,Baby Boomers
8175,Regina,22/12/2018,F,1965,Gen X
8176,Garrett,7/1/2017,M,1957,Baby Boomers
8177,Elijah,8/4/2019,M,1953,Baby Boomers
8178,Jocelyn,9/1/2017,F,1998,Gen Z
8179,Anthony,3/5/2018,M,1957,Baby Boomers
8180,Lionel,20/11/2017,M,1960,Baby Boomers
8181,Hannah,11/6/2017,N,1995,Gen Z
8182,Hakeem,13/9/2018,M,1992,Younger Millennials
8183,Frances,11/6/2018,F,1971,Gen X
8184,Nathan,6/5/2018,M,1991,Younger Millennials
8185,Callum,12/8/2018,N,1997,Gen Z
8186,Blaze,3/12/2018,M,1983,Older Millennials
8187,Ina,24/7/2017,F,1968,Gen X
8188,Kyla,4/3/2018,F,1963,Baby Boomers
8189,Irene,20/11/2017,F,1976,Gen X
8190,Elizabeth,2/6/2017,F,1963,Baby Boomers
8191,Ivor,12/4/2018,M,1985,Older Millennials
8192,Gareth,4/1/2018,M,1963,Baby Boomers
8193,Harlan,16/6/2018,M,1964,Baby Boomers
8194,Savannah,16/4/2017,F,1970,Gen X
8195,Sawyer,13/5/2018,M,1993,Younger Millennials
8196,Fay,26/1/2018,N,1999,Gen Z
8197,Marvin,11/9/2017,M,1996,Gen Z
8198,David,17/11/2018,M,1953,Baby Boomers
8199,Charlotte,9/3/2019,N,1995,Gen Z
8200,Cleo,16/2/2019,F,1987,Older Millennials
8201,Felix,7/3/2017,M,1960,Baby Boomers
8202,Judah,9/11/2018,M,1950,Baby Boomers
8203,Cora,12/2/2019,N,2000,Gen Z
8204,Wallace,2/7/2018,N,1995,Gen Z
8205,Nevada,16/8/2017,F,2000,Gen Z
8206,Rosalyn,6/2/2018,F,1986,Older Millennials
8207,Denton,20/6/2018,M,1988,Older Millennials
8208,Henry,27/8/2018,N,1995,Gen Z
8209,Idola,13/7/2018,F,1980,Older Millennials
8210,Gabriel,19/1/2018,M,1987,Older Millennials
8211,Hayes,7/1/2018,M,1970,Gen X
8212,Evan,5/5/2018,M,1991,Younger Millennials
8213,Kyle,6/4/2019,M,1988,Older Millennials
8214,Ann,20/9/2017,F,1956,Baby Boomers
8215,Rigel,13/4/2018,M,1959,Baby Boomers
8216,Ruby,26/2/2019,F,1999,Gen Z
8217,Jermaine,9/6/2018,M,1959,Baby Boomers
8218,Farrah,24/3/2017,F,1967,Gen X
8219,Natalie,1/10/2018,F,1957,Baby Boomers
8220,Hermione,29/9/2017,F,1959,Baby Boomers
8221,Rinah,23/8/2017,F,1983,Older Millennials
8222,Meghan,7/12/2018,F,1952,Baby Boomers
8223,Hasad,27/3/2017,M,1970,Gen X
8224,Tyler,24/12/2017,M,1951,Baby Boomers
8225,Sandra,27/6/2018,F,1975,Gen X
8226,Kieran,6/4/2018,M,1952,Baby Boomers
8227,Trevor,7/4/2019,M,1952,Baby Boomers
8228,Matthew,16/1/2017,M,1975,Gen X
8229,Honorato,14/11/2017,N,1991,Younger Millennials
8230,Deirdre,5/2/2019,N,1990,Younger Millennials
8231,Finn,31/7/2018,N,1993,Younger Millennials
8232,Ronan,24/1/2018,M,1974,Gen X
8233,Ursula,6/10/2017,N,1994,Younger Millennials
8234,Deirdre,13/3/2019,N,2001,Gen Z
8235,Winter,18/8/2017,F,1958,Baby Boomers
8236,Maxwell,9/5/2018,M,1971,Gen X
8237,Julie,4/6/2017,F,1998,Gen Z
8238,Peter,19/3/2019,M,1992,Younger Millennials
8239,Callie,5/4/2018,N,1997,Gen Z
8240,Camilla,25/3/2018,F,1955,Baby Boomers
8241,Chantale,4/4/2017,F,2000,Gen Z
8242,Donovan,8/8/2018,M,1988,Older Millennials
8243,Tatiana,22/5/2018,F,1962,Baby Boomers
8244,Judah,11/5/2017,M,1958,Baby Boomers
8245,Angela,24/1/2018,N,1997,Gen Z
8246,Sonya,18/3/2017,F,1972,Gen X
8247,Natalie,23/2/2018,F,1954,Baby Boomers
8248,Regan,23/11/2017,N,1993,Younger Millennials
8249,Rhoda,25/2/2019,F,1957,Baby Boomers
8250,Clinton,8/9/2017,M,1954,Baby Boomers
8251,Alika,6/10/2017,F,1976,Gen X
8252,Ferdinand,14/9/2017,M,1959,Baby Boomers
8253,Theodore,5/4/2018,M,1978,Gen X
8254,Celeste,8/1/2017,F,1967,Gen X
8255,Dahlia,15/5/2018,N,1996,Gen Z
8256,Cruz,16/8/2018,M,1996,Gen Z
8257,Brenden,21/6/2018,M,1981,Older Millennials
8258,Fuller,20/5/2017,M,1981,Older Millennials
8259,Cheryl,13/2/2019,F,1998,Gen Z
8260,Joseph,13/2/2018,M,1985,Older Millennials
8261,Jackson,20/10/2017,M,1952,Baby Boomers
8262,Ryan,23/1/2017,M,1980,Older Millennials
8263,Unity,13/5/2018,F,1988,Older Millennials
8264,Leah,29/1/2018,F,1988,Older Millennials
8265,Zena,8/4/2019,F,1974,Gen X
8266,Brandon,28/2/2018,M,1952,Baby Boomers
8267,Jin,19/9/2018,M,1985,Older Millennials
8268,Amethyst,28/9/2018,F,1979,Gen X
8269,Sheila,2/11/2017,F,1961,Baby Boomers
8270,Sawyer,9/6/2017,M,1995,Gen Z
8271,Barry,5/2/2017,M,1987,Older Millennials
8272,Xandra,26/12/2018,N,1991,Younger Millennials
8273,Sasha,12/12/2017,F,1974,Gen X
8274,Carolyn,17/9/2018,F,1956,Baby Boomers
8275,Josephine,24/10/2017,F,1997,Gen Z
8276,Akeem,2/3/2017,N,1995,Gen Z
8277,Genevieve,16/4/2017,F,1995,Gen Z
8278,Lawrence,28/5/2017,M,1973,Gen X
8279,Willa,3/7/2018,N,1998,Gen Z
8280,Zane,24/10/2017,N,1997,Gen Z
8281,Rinah,18/11/2018,F,1953,Baby Boomers
8282,Ignatius,10/7/2017,N,1999,Gen Z
8283,Tobias,15/4/2017,M,1996,Gen Z
8284,Kato,20/8/2018,M,1970,Gen X
8285,Francesca,26/10/2018,N,1990,Younger Millennials
8286,Erin,29/5/2017,N,1992,Younger Millennials
8287,Dane,11/8/2017,M,1967,Gen X
8288,Nicholas,16/1/2018,M,1963,Baby Boomers
8289,Gavin,1/6/2018,M,1998,Gen Z
8290,Xanthus,31/5/2017,M,1989,Older Millennials
8291,Helen,29/4/2017,F,1995,Gen Z
8292,George,12/12/2018,M,1980,Older Millennials
8293,Kyle,18/9/2018,M,1958,Baby Boomers
8294,Charlotte,3/1/2017,F,1993,Younger Millennials
8295,Veronica,12/6/2017,F,1962,Baby Boomers
8296,Joel,8/5/2017,M,1999,Gen Z
8297,Cherokee,17/11/2017,F,1974,Gen X
8298,Dorothy,6/4/2018,F,1978,Gen X
8299,Amber,3/10/2018,F,1976,Gen X
8300,Patience,7/4/2019,F,1986,Older Millennials
8301,Nasim,7/12/2017,M,1984,Older Millennials
8302,Yvette,28/2/2019,F,1958,Baby Boomers
8303,Grady,17/3/2017,M,1981,Older Millennials
8304,Debra,27/7/2018,F,1997,Gen Z
8305,Brenden,17/10/2018,M,1994,Younger Millennials
8306,Alma,11/3/2017,N,1998,Gen Z
8307,Nyssa,30/1/2019,F,1951,Baby Boomers
8308,Burton,5/6/2017,M,1962,Baby Boomers
8309,Ignatius,28/12/2018,M,1956,Baby Boomers
8310,Eagan,9/10/2017,M,1984,Older Millennials
8311,Hanna,27/3/2017,F,1967,Gen X
8312,Dennis,6/11/2017,M,1959,Baby Boomers
8313,Sierra,8/11/2018,N,1995,Gen Z
8314,Leigh,23/8/2017,N,2000,Gen Z
8315,Solomon,14/9/2018,M,1958,Baby Boomers
8316,Josephine,3/6/2017,F,2000,Gen Z
8317,Scarlet,24/12/2018,F,1999,Gen Z
8318,Cody,18/12/2018,M,1957,Baby Boomers
8319,Gareth,14/3/2018,M,1965,Gen X
8320,Stella,14/2/2018,N,1995,Gen Z
8321,September,16/4/2017,F,1980,Older Millennials
8322,Chanda,21/3/2019,F,1969,Gen X
8323,Kirby,14/5/2017,F,1989,Older Millennials
8324,Naida,29/1/2019,F,1967,Gen X
8325,Guinevere,15/1/2017,F,1969,Gen X
8326,Teagan,22/1/2017,N,1998,Gen Z
8327,Phyllis,16/1/2019,F,1987,Older Millennials
8328,Buffy,8/1/2019,F,1998,Gen Z
8329,Constance,16/2/2019,F,1955,Baby Boomers
8330,Garrett,18/6/2017,M,1960,Baby Boomers
8331,Owen,26/8/2018,M,1978,Gen X
8332,Zachery,28/2/2019,M,1985,Older Millennials
8333,Clinton,12/2/2019,M,1974,Gen X
8334,Cyrus,29/3/2018,M,1955,Baby Boomers
8335,Peter,21/2/2018,M,1966,Gen X
8336,Rhonda,26/11/2017,N,1991,Younger Millennials
8337,Rhoda,17/9/2018,F,1976,Gen X
8338,Iona,6/2/2019,F,2000,Gen Z
8339,Raja,11/4/2018,N,1990,Younger Millennials
8340,Amal,5/5/2017,N,2000,Gen Z
8341,Ferdinand,8/6/2017,M,1973,Gen X
8342,Hammett,19/11/2017,M,1975,Gen X
8343,Dante,19/1/2019,N,1993,Younger Millennials
8344,Cecilia,14/1/2018,N,1988,Older Millennials
8345,Shannon,12/1/2017,F,1988,Older Millennials
8346,Ayanna,4/6/2017,F,1976,Gen X
8347,Alana,26/10/2017,F,1955,Baby Boomers
8348,Ronan,5/6/2017,M,1964,Baby Boomers
8349,Priscilla,13/1/2019,F,2000,Gen Z
8350,Kirk,25/11/2017,M,1957,Baby Boomers
8351,Kiona,22/1/2018,F,1961,Baby Boomers
8352,Todd,12/12/2017,M,1983,Older Millennials
8353,Cailin,20/2/2017,N,1994,Younger Millennials
8354,Sandra,30/3/2017,F,1960,Baby Boomers
8355,Alec,14/2/2017,M,1974,Gen X
8356,Kennan,25/7/2018,M,1968,Gen X
8357,Kenneth,13/1/2019,M,1973,Gen X
8358,Brenna,24/10/2018,F,1994,Younger Millennials
8359,Emi,19/8/2017,F,1979,Gen X
8360,Delilah,4/10/2018,F,1968,Gen X
8361,Dara,15/12/2018,F,1992,Younger Millennials
8362,Chadwick,7/1/2019,M,1965,Gen X
8363,Madaline,30/3/2019,F,1973,Gen X
8364,Duncan,21/10/2017,M,1965,Gen X
8365,Flynn,26/6/2018,M,1972,Gen X
8366,Jayme,13/7/2017,F,1973,Gen X
8367,Arsenio,5/8/2018,M,1987,Older Millennials
8368,Nita,3/11/2017,F,1987,Older Millennials
8369,Paula,22/5/2018,F,1989,Older Millennials
8370,Maya,10/9/2018,F,1969,Gen X
8371,Serena,3/7/2017,F,1962,Baby Boomers
8372,Elton,21/1/2017,M,1997,Gen Z
8373,Jared,5/12/2018,M,1993,Younger Millennials
8374,Thaddeus,5/10/2018,M,1989,Older Millennials
8375,Tad,3/5/2018,N,1999,Gen Z
8376,Ivana,3/7/2017,F,1995,Gen Z
8377,Melinda,29/3/2017,N,1997,Gen Z
8378,Mark,16/4/2017,M,1998,Gen Z
8379,Olympia,9/5/2018,N,1991,Younger Millennials
8380,Gisela,31/1/2018,F,1953,Baby Boomers
8381,Ori,25/3/2019,N,1993,Younger Millennials
8382,Ivana,10/9/2017,F,1977,Gen X
8383,Sasha,4/2/2018,F,1986,Older Millennials
8384,Leandra,28/2/2018,F,1991,Younger Millennials
8385,Cecilia,27/10/2017,F,1966,Gen X
8386,Finn,30/12/2018,M,1953,Baby Boomers
8387,Tiger,24/12/2017,M,1996,Gen Z
8388,Prescott,5/3/2019,N,1996,Gen Z
8389,Upton,29/10/2017,N,2000,Gen Z
8390,Jelani,13/1/2019,N,1996,Gen Z
8391,Chaim,20/7/2017,N,1996,Gen Z
8392,Diana,16/5/2017,F,1994,Younger Millennials
8393,Maggy,18/7/2017,F,1989,Older Millennials
8394,Francis,31/3/2017,M,1991,Younger Millennials
8395,Allen,30/8/2018,N,1999,Gen Z
8396,Mollie,31/12/2018,F,1969,Gen X
8397,Inga,9/11/2018,F,1972,Gen X
8398,Dominique,28/1/2017,F,1991,Younger Millennials
8399,Colin,21/8/2018,M,1960,Baby Boomers
8400,Brielle,27/6/2017,F,1980,Older Millennials
8401,Dolan,7/4/2019,M,1954,Baby Boomers
8402,Libby,11/12/2018,F,1999,Gen Z
8403,Daniel,7/9/2018,M,1978,Gen X
8404,Lillith,8/12/2018,F,1967,Gen X
8405,Ruby,4/1/2018,F,1969,Gen X
8406,Dean,16/1/2017,M,1966,Gen X
8407,Eugenia,13/10/2018,F,1980,Older Millennials
8408,Leila,11/1/2018,F,1967,Gen X
8409,Rachel,8/5/2017,F,1990,Younger Millennials
8410,Buffy,23/9/2018,F,1962,Baby Boomers
8411,Faith,26/9/2017,F,1966,Gen X
8412,Malcolm,8/1/2019,M,1953,Baby Boomers
8413,Sheila,17/11/2018,N,1994,Younger Millennials
8414,Danielle,21/6/2018,F,1953,Baby Boomers
8415,Cameron,6/2/2019,M,1997,Gen Z
8416,Marny,20/1/2018,F,1989,Older Millennials
8417,Connor,4/9/2017,M,1986,Older Millennials
8418,Nash,31/10/2017,M,1990,Younger Millennials
8419,Norman,24/2/2019,M,1998,Gen Z
8420,Mufutau,2/6/2018,M,1962,Baby Boomers
8421,Dale,5/12/2017,M,1957,Baby Boomers
8422,Naomi,30/10/2018,F,1996,Gen Z
8423,Melyssa,30/8/2017,N,1997,Gen Z
8424,Erasmus,25/2/2018,M,1955,Baby Boomers
8425,Sydney,6/11/2017,N,1992,Younger Millennials
8426,Jena,30/3/2018,F,1959,Baby Boomers
8427,Linus,21/11/2018,M,1954,Baby Boomers
8428,Vance,1/2/2019,M,1964,Baby Boomers
8429,Mark,6/6/2018,M,1992,Younger Millennials
8430,Colt,3/10/2017,M,1990,Younger Millennials
8431,Alan,9/4/2017,M,1966,Gen X
8432,Rowan,19/1/2019,N,1997,Gen Z
8433,Yuri,2/4/2018,F,1989,Older Millennials
8434,Penelope,25/12/2017,F,1974,Gen X
8435,Tashya,4/2/2019,F,1992,Younger Millennials
8436,Wanda,21/3/2019,F,1989,Older Millennials
8437,Teagan,28/1/2019,F,1952,Baby Boomers
8438,Mikayla,13/2/2017,F,1984,Older Millennials
8439,Neville,25/5/2017,M,1974,Gen X
8440,Odessa,7/2/2018,F,1957,Baby Boomers
8441,Lilah,28/2/2018,F,1955,Baby Boomers
8442,Alec,13/1/2017,M,1988,Older Millennials
8443,Jorden,29/12/2018,F,1963,Baby Boomers
8444,Murphy,24/11/2017,M,2001,Gen Z
8445,Kalia,29/4/2018,N,1992,Younger Millennials
8446,Jonah,1/10/2018,M,1991,Younger Millennials
8447,Kadeem,6/5/2017,M,2000,Gen Z
8448,Hamish,18/10/2018,N,1999,Gen Z
8449,Reagan,2/11/2017,F,1992,Younger Millennials
8450,Ina,3/5/2017,F,1982,Older Millennials
8451,Vladimir,1/2/2018,N,1996,Gen Z
8452,Shelly,5/1/2019,F,1958,Baby Boomers
8453,Indigo,15/2/2019,F,2000,Gen Z
8454,Ignacia,21/3/2019,F,1963,Baby Boomers
8455,Malcolm,7/9/2017,N,1998,Gen Z
8456,Tarik,1/4/2018,M,1963,Baby Boomers
8457,Alfreda,25/8/2017,F,1956,Baby Boomers
8458,Stacy,30/5/2018,F,1959,Baby Boomers
8459,Iona,23/4/2018,F,1998,Gen Z
8460,Wyoming,4/10/2017,N,1993,Younger Millennials
8461,Prescott,10/7/2018,M,1955,Baby Boomers
8462,Lars,11/4/2018,M,1957,Baby Boomers
8463,Madison,9/4/2018,F,1981,Older Millennials
8464,Wesley,9/5/2018,M,1953,Baby Boomers
8465,Julian,15/1/2019,N,1990,Younger Millennials
8466,Kylie,23/1/2019,F,1951,Baby Boomers
8467,Zachary,8/5/2017,M,1961,Baby Boomers
8468,Medge,9/11/2018,F,1972,Gen X
8469,Baxter,7/1/2017,M,1968,Gen X
8470,Lana,30/5/2017,F,1977,Gen X
8471,Alfreda,27/5/2017,N,1993,Younger Millennials
8472,Lars,15/8/2017,M,1973,Gen X
8473,Oprah,8/5/2017,F,1970,Gen X
8474,Ingrid,29/1/2018,F,1960,Baby Boomers
8475,Wilma,28/10/2017,F,1973,Gen X
8476,Malachi,10/12/2018,M,1954,Baby Boomers
8477,Hilel,17/6/2017,M,1981,Older Millennials
8478,Shea,30/7/2017,F,1971,Gen X
8479,Emma,29/12/2017,F,1990,Younger Millennials
8480,Zahir,11/12/2018,M,1981,Older Millennials
8481,Shafira,22/3/2019,N,1997,Gen Z
8482,Faith,13/3/2019,F,1964,Baby Boomers
8483,Samuel,3/1/2017,M,1957,Baby Boomers
8484,Jaime,29/3/2018,N,2000,Gen Z
8485,Priscilla,16/4/2018,F,1960,Baby Boomers
8486,Isabelle,5/5/2018,N,2000,Gen Z
8487,Lewis,27/12/2017,M,1970,Gen X
8488,Hilda,1/3/2019,F,1953,Baby Boomers
8489,Lacey,11/11/2017,F,1954,Baby Boomers
8490,Gisela,18/8/2017,F,1998,Gen Z
8491,Jennifer,15/5/2017,F,1957,Baby Boomers
8492,Igor,31/12/2017,M,1996,Gen Z
8493,Beau,27/2/2017,M,1991,Younger Millennials
8494,Adena,4/10/2018,F,1998,Gen Z
8495,Avram,4/1/2017,M,1952,Baby Boomers
8496,Leilani,18/12/2017,F,1977,Gen X
8497,Rae,6/1/2017,F,1977,Gen X
8498,April,20/1/2019,N,2000,Gen Z
8499,Clementine,9/11/2017,F,1996,Gen Z
8500,Linda,21/8/2017,N,1990,Younger Millennials
8501,Moana,6/7/2018,F,1966,Gen X
