sales_id, transaction_id, transaction_date, transaction_time, customer_id, instore_yn, product_id, quantity, unit_price, product_group, product, current_retail_price, promo_yn, new_product_yn, customer_firstName, customer_since, gender, birth_year, generation, _dataobs_, 
151,691, 2019-04-01, 17:39:57.000,602, N,77,1,3, Food, Oatmeal Scone,3, N, N, Illiana Reid, 2018-09-18, F,1988, Older Millennials,151, 
212,988, 2019-04-01, 16:58:33.000,384, Y,37,1,3, Beverages, Espresso shot,3, N, N, Kylan Hayes, 2017-06-24, F,1960, Baby Boomers,212, 
288,1302, 2019-04-01, 19:12:14.000,18, Y,22,1,2, Beverages, Our Old Time Diner Blend Sm,2, N, N, Kylan Hayes, 2017-02-20, M,1953, Baby Boomers,288, 
325,1447, 2019-04-01, 18:22:12.000,70, N,61,2,4.75, Beverages, Sustainably Grown Organic Lg,5, N, N, Ivor Levine, 2017-07-13, M,1962, Baby Boomers,325, 
348,1570, 2019-04-01, 12:30:39.000,259, N,48,2,2.5, Beverages, English Breakfast Rg,3, N, N, Roth Shelton, 2018-12-16, M,1994, Younger Millennials,348, 
649,337, 2019-04-01, 16:26:04.000,5673, N,37,1,3, Beverages, Espresso shot,3, N, N, Camilla, 2018-11-01, F,1991, Younger Millennials,649, 
858,1411, 2019-04-01, 15:46:49.000,5176, N,31,2,2.2, Beverages, Ethiopia Sm,2, N, N, Rogan, 2017-05-03, N,1983, Older Millennials,858, 
1023,2194, 2019-04-01, 11:01:48.000,5794, Y,45,2,3, Beverages, Peppermint Lg,3, N, N, Fletcher, 2018-09-29, M,1989, Older Millennials,1023, 
1036,2242, 2019-04-01, 8:51:38.000,5346, N,57,2,3.1, Beverages, Spicy Eye Opener Chai Lg,3, N, N, Dale, 2018-09-27, N,1996, Gen Z,1036, 
1257,742, 2019-04-01, 13:47:51.000,8467, N,40,1,3.75, Beverages, Cappuccino,4, N, N, Zachary, 2017-05-08, M,1961, Baby Boomers,1257, 
1357,1296, 2019-04-01, 14:57:22.000,8252, Y,59,1,4.5, Beverages, Dark chocolate Lg,5, N, N, Ferdinand, 2017-09-14, M,1959, Baby Boomers,1357, 
1507,2075, 2019-04-01, 16:15:31.000,8428, Y,49,2,3, Beverages, English Breakfast Lg,3, N, N, Vance, 2019-02-01, M,1964, Baby Boomers,1507, 
1577,2395, 2019-04-01, 18:07:13.000,8272, Y,23,,2.5, Beverages, Our Old Time Diner Blend Rg,3, N, N, Xandra, 2018-12-26, N,1991, Younger Millennials,1577, 
1580,2400, 2019-04-01, 8:41:23.000,8397, N,75,1,3.5, Food, Croissant,3, N, N, Inga, 2018-11-09, F,1972, Gen X,1580, 
1584,2427, 2019-04-01, 12:00:34.000,8202, N,73,1,3.75, Food, Almond Croissant,4, N, N, Judah, 2018-11-09, M,1950, Baby Boomers,1584, 
1599,2528, 2019-04-01, 11:39:30.000,8029, N,56,1,2.55, Beverages, Spicy Eye Opener Chai Rg,3, N, N, Kennedy, 2018-02-07, M,1981, Older Millennials,1599, 
1769,463, 2019-04-02, 12:44:16.000,134, N,73,1,3.75, Food, Almond Croissant,4, N, N, Ian Duncan, 2018-01-06, M,1973, Gen X,1769, 
1990,1395, 2019-04-02, 12:46:04.000,219, Y,46,2,2.5, Beverages, Serenity Green Tea Rg,3, N, N, Wyatt Huff, 2018-08-28, M,1987, Older Millennials,1990, 
2163,2122, 2019-04-02, 13:39:28.000,781, Y,39,2,4.25, Beverages, Latte Rg,4, N, N, Luke Patel, 2018-11-02, N,1991, Younger Millennials,2163, 
2277,74, 2019-04-02, 14:48:02.000,5853, Y,27,2,3.5, Beverages, Brazilian Lg,4, N, N, Thor, 2017-12-29, M,1972, Gen X,2277, 
2501,1204, 2019-04-02, 14:51:28.000,5268, N,51,2,3, Beverages, Earl Grey Lg,3, N, N, Mercedes, 2019-01-25, F,1996, Gen Z,2501, 
2529,1369, 2019-04-02, 8:30:20.000,5691, N,61,2,4.75, Beverages, Sustainably Grown Organic Lg,5, N, N, Gloria, 2017-03-07, F,1954, Baby Boomers,2529, 
2640,2055, 2019-04-02, 9:12:51.000,5502, Y,59,2,4.5, Beverages, Dark chocolate Lg,5, N, N, Chancellor, 2018-02-19, M,1975, Gen X,2640, 
2834,531, 2019-04-02, 8:50:51.000,8248, Y,51,2,3, Beverages, Earl Grey Lg,3, N, N, Regan, 2017-11-23, N,1993, Younger Millennials,2834, 
2839,562, 2019-04-02, 12:20:58.000,8145, Y,72,1,3.25, Food, Ginger Scone,3, N, N, Beck, 2018-08-26, M,1951, Baby Boomers,2839, 
2914,919, 2019-04-02, 18:35:41.000,8325, N,28,2,2, Beverages, Columbian Medium Roast Sm,2, N, N, Guinevere, 2017-01-15, F,1969, Gen X,2914, 
2920,958, 2019-04-02, 9:00:14.000,8226, N,39,1,4.25, Beverages, Latte Rg,4, N, N, Kieran, 2018-04-06, M,1952, Baby Boomers,2920, 
2921,962, 2019-04-02, 17:37:40.000,8473, N,42,2,2.5, Beverages, Lemon Grass Rg,3, N, N, Oprah, 2017-05-08, F,1970, Gen X,2921, 
3013,1438, 2019-04-02, 16:38:00.000,8489, N,28,1,2, Beverages, Columbian Medium Roast Sm,2, N, N, Lacey, 2017-11-11, F,1954, Baby Boomers,3013, 
3281,2782, 2019-04-02, 8:04:06.000,8478, N,31,2,2.2, Beverages, Ethiopia Sm,2, N, N, Shea, 2017-07-30, F,1971, Gen X,3281, 
3448,615, 2019-04-03, 15:24:23.000,80, N,29,1,2.5, Beverages, Columbian Medium Roast Rg,3, N, N, Benjamin Mcguire, 2017-08-10, M,1963, Baby Boomers,3448, 
3450,629, 2019-04-03, 13:37:34.000,579, N,39,1,4.25, Beverages, Latte Rg,4, N, N, Hyacinth Gallagher, 2018-08-01, F,1985, Older Millennials,3450, 
3689,1652, 2019-04-03, 14:44:03.000,212, Y,56,2,2.55, Beverages, Spicy Eye Opener Chai Rg,3, N, N, Cedric Duffy, 2018-08-09, M,1986, Older Millennials,3689, 
3791,2053, 2019-04-03, 11:50:38.000,58, N,27,2,3.5, Beverages, Brazilian Lg,4, N, N, Adrian Carson, 2017-06-10, M,1960, Baby Boomers,3791, 
3816,2173, 2019-04-03, 14:47:10.000,102, Y,55,1,4, Beverages, Morning Sunrise Chai Lg,4, N, N, Tyrone Armstrong, 2017-10-10, M,1967, Gen X,3816, 
3833,2237, 2019-04-03, 15:38:02.000,762, N,34,1,2.45, Beverages, Jamaican Coffee River Sm,2, N, N, Brian Joseph, 2018-05-29, N,1981, Older Millennials,3833, 
4244,1550, 2019-04-03, 9:54:43.000,5358, N,52,1,2.5, Beverages, Traditional Blend Chai Rg,3, N, N, Holly, 2017-09-25, F,1966, Gen X,4244, 
4261,1632, 2019-04-03, 12:52:13.000,5134, Y,54,2,2.5, Beverages, Morning Sunrise Chai Rg,3, N, N, Hamish, 2018-12-04, M,1993, Younger Millennials,4261, 
4325,1977, 2019-04-03, 10:54:52.000,5373, N,29,2,2.5, Beverages, Columbian Medium Roast Rg,3, N, N, Fletcher, 2017-05-17, M,1958, Baby Boomers,4325, 
4378,2294, 2019-04-03, 13:56:40.000,5501, N,38,2,3.75, Beverages, Latte,4, N, N, Kyra, 2018-07-07, F,1984, Older Millennials,4378, 
4427,2503, 2019-04-03, 14:04:19.000,5826, N,44,2,2.5, Beverages, Peppermint Rg,3, N, N, Indigo, 2019-02-03, F,1997, Gen Z,4427, 
4646,1141, 2019-04-03, 12:26:27.000,8037, Y,36,1,3.75, Beverages, Jamaican Coffee River Lg,4, N, N, Holly, 2018-05-07, F,1967, Gen X,4646, 
4660,1224, 2019-04-03, 16:50:27.000,8241, N,61,1,4.75, Beverages, Sustainably Grown Organic Lg,5, N, N, Chantale, 2017-04-04, F,2000, Gen Z,4660, 
4722,1520, 2019-04-03, 19:49:19.000,8347, N,79,,3.75, Food, Jumbo Savory Scone,4, N, N, Alana, 2017-10-26, F,1955, Baby Boomers,4722, 
4766,1726, 2019-04-03, 9:27:13.000,8269, N,50,2,2.5, Beverages, Earl Grey Rg,3, N, N, Sheila, 2017-11-02, F,1961, Baby Boomers,4766, 
4808,1942, 2019-04-03, 11:46:27.000,8052, Y,69,1,3.25, Food, Hazelnut Biscotti,4, N, N, Orla, 2018-01-07, N,1996, Gen Z,4808, 
4909,2447, 2019-04-03, 10:17:15.000,8044, N,75,1,3.5, Food, Croissant,3, N, N, Perry, 2018-05-18, M,1953, Baby Boomers,4909, 
5005,155, 2019-04-04, 15:46:37.000,237, N,30,1,3, Beverages, Columbian Medium Roast Lg,3, N, N, Harper Shelton, 2018-10-17, M,1990, Younger Millennials,5005, 
5034,283, 2019-04-04, 13:20:51.000,247, Y,23,2,2.5, Beverages, Our Old Time Diner Blend Rg,3, N, N, Charles Cochran, 2018-11-13, M,1992, Younger Millennials,5034, 
5344,1608, 2019-04-04, 12:46:05.000,71, Y,51,2,3, Beverages, Earl Grey Lg,3, N, N, Hall Patel, 2017-07-16, M,1962, Baby Boomers,5344, 
5417,1928, 2019-04-04, 11:27:30.000,338, N,39,2,4.25, Beverages, Latte Rg,4, N, N, Leslie Acevedo, 2017-03-21, F,1955, Baby Boomers,5417, 
5435,2000, 2019-04-04, 13:48:29.000,758, Y,33,2,3.5, Beverages, Ethiopia Lg,4, N, N, Nathaniel Horne, 2018-04-26, N,1979, Gen X,5435, 
5610,218, 2019-04-04, 9:56:03.000,5375, N,26,2,3, Beverages, Brazilian Rg,3, N, N, Xantha, 2017-12-03, F,1970, Gen X,5610, 
5624,307, 2019-04-04, 11:24:21.000,5402, N,45,2,3, Beverages, Peppermint Lg,3, N, N, Cade, 2018-01-19, M,1973, Gen X,5624, 
5734,903, 2019-04-04, 10:35:45.000,5596, N,69,1,3.25, Food, Hazelnut Biscotti,4, N, N, Linus, 2017-08-30, N,1986, Older Millennials,5734, 
5829,1396, 2019-04-04, 15:30:27.000,5054, N,24,,3, Beverages, Our Old Time Diner Blend Lg,3, N, N, Ulysses, 2018-11-14, N,1997, Gen Z,5829, 
6004,2270, 2019-04-04, 14:33:02.000,5355, N,45,1,3, Beverages, Peppermint Lg,3, N, N, Reece, 2018-11-21, M,1992, Younger Millennials,6004, 
6084,168, 2019-04-04, 11:43:16.000,8136, N,60,2,3.75, Beverages, Sustainably Grown Organic Rg,4, N, N, Kyra, 2017-12-17, F,1993, Younger Millennials,6084, 
6212,832, 2019-04-04, 16:48:17.000,8092, N,27,2,3.5, Beverages, Brazilian Lg,4, N, N, Willow, 2018-01-23, F,1991, Younger Millennials,6212, 
6323,1429, 2019-04-04, 10:05:01.000,8213, N,33,2,3.5, Beverages, Ethiopia Lg,4, N, N, Kyle, 2019-04-06, M,1988, Older Millennials,6323, 
6412,1926, 2019-04-04, 9:30:20.000,8249, N,60,1,3.75, Beverages, Sustainably Grown Organic Rg,4, N, N, Rhoda, 2019-02-25, F,1957, Baby Boomers,6412, 
6457,2226, 2019-04-04, 17:48:28.000,8127, N,50,1,2.5, Beverages, Earl Grey Rg,3, N, N, Benjamin, 2017-02-08, M,1981, Older Millennials,6457, 
6584,51, 2019-04-05, 13:58:31.000,776, N,29,1,2.5, Beverages, Columbian Medium Roast Rg,3, N, N, Joshua Pugh, 2018-09-22, N,1989, Older Millennials,6584, 
6672,439, 2019-04-05, 11:43:12.000,547, N,60,1,3.75, Beverages, Sustainably Grown Organic Rg,4, N, N, Ora Shields, 2018-05-27, F,1981, Older Millennials,6672, 
6682,512, 2019-04-05, 19:17:26.000,345, N,34,1,2.45, Beverages, Jamaican Coffee River Sm,2, N, N, Barbara Knowles, 2017-04-05, F,1955, Baby Boomers,6682, 
6723,657, 2019-04-05, 18:06:48.000,352, Y,24,1,3, Beverages, Our Old Time Diner Blend Lg,3, N, N, Ila Goodman, 2017-04-19, F,1956, Baby Boomers,6723, 
6745,720, 2019-04-05, 16:37:38.000,234, Y,50,2,2.5, Beverages, Earl Grey Rg,3, N, N, Samson Zamora, 2018-10-09, M,1990, Younger Millennials,6745, 
6847,1228, 2019-04-05, 13:00:19.000,135, Y,57,1,3.1, Beverages, Spicy Eye Opener Chai Lg,3, N, N, Matthew Mcneil, 2018-01-09, M,1973, Gen X,6847, 
7000,1832, 2019-04-05, 19:38:01.000,381, Y,36,1,3.75, Beverages, Jamaican Coffee River Lg,4, N, N, Charity Harvey, 2017-06-18, F,1960, Baby Boomers,7000, 
7033,1995, 2019-04-05, 16:37:07.000,84, N,73,1,3.75, Food, Almond Croissant,4, N, N, Kareem Sanchez, 2017-08-21, M,1964, Baby Boomers,7033, 
7107,2316, 2019-04-05, 17:25:41.000,131, N,29,2,2.5, Beverages, Columbian Medium Roast Rg,3, N, N, Amal Dejesus, 2017-12-29, M,1972, Gen X,7107, 
7157,2502, 2019-04-05, 16:05:14.000,536, Y,32,1,3, Beverages, Ethiopia Rg,3, N, N, Linda Barlow, 2018-05-04, F,1980, Older Millennials,7157, 
7238,380, 2019-04-05, 8:59:07.000,5039, Y,50,2,2.5, Beverages, Earl Grey Rg,3, N, N, Buckminster, 2018-03-05, M,1976, Gen X,7238, 
7481,1474, 2019-04-05, 15:58:05.000,5459, Y,33,2,3.5, Beverages, Ethiopia Lg,4, N, N, Medge, 2017-07-23, F,1962, Baby Boomers,7481, 
7486,1513, 2019-04-05, 10:02:56.000,5180, N,44,2,2.5, Beverages, Peppermint Rg,3, N, N, Baker, 2018-11-19, N,1997, Gen Z,7486, 
7527,1742, 2019-04-05, 14:52:43.000,5519, Y,50,1,2.5, Beverages, Earl Grey Rg,3, N, N, Orlando, 2018-03-16, N,1991, Younger Millennials,7527, 
7568,1873, 2019-04-05, 10:02:13.000,5699, Y,77,1,3, Food, Oatmeal Scone,3, N, N, Marny, 2017-12-28, F,1972, Gen X,7568, 
7778,487, 2019-04-05, 10:31:18.000,8415, N,45,2,3, Beverages, Peppermint Lg,3, N, N, Cameron, 2019-02-06, M,1997, Gen Z,7778, 
7783,506, 2019-04-05, 17:07:21.000,8345, N,46,1,2.5, Beverages, Serenity Green Tea Rg,3, N, N, Shannon, 2017-01-12, F,1988, Older Millennials,7783, 
8001,1703, 2019-04-05, 11:45:10.000,8256, Y,59,2,4.5, Beverages, Dark chocolate Lg,5, N, N, Cruz, 2018-08-16, M,1996, Gen Z,8001, 
8025,1837, 2019-04-05, 13:26:57.000,8164, Y,71,1,3.75, Food, Chocolate Croissant,4, N, N, Cameron, 2019-03-20, M,1977, Gen X,8025, 
8336,114, 2019-04-06, 11:56:12.000,666, N,39,1,4.25, Beverages, Latte Rg,4, N, N, Karly Williams, 2019-01-28, F,1996, Gen Z,8336, 
8555,283, 2019-04-06, 16:29:25.000,531, N,48,,2.5, Beverages, English Breakfast Rg,3, N, N, Hadassah Reyes, 2018-04-24, F,1979, Gen X,8555, 
8641,355, 2019-04-06, 17:00:54.000,425, Y,71,1,3.75, Food, Chocolate Croissant,4, N, N, Savannah Bean, 2017-09-17, F,1966, Gen X,8641, 
8803,881, 2019-04-06, 11:13:05.000,5640, N,42,2,2.5, Beverages, Lemon Grass Rg,3, N, N, Victoria, 2017-08-11, N,1985, Older Millennials,8803, 
8861,1162, 2019-04-06, 15:12:10.000,5858, Y,30,1,3, Beverages, Columbian Medium Roast Lg,3, N, N, Macaulay, 2018-06-07, N,1993, Younger Millennials,8861, 
9062,2118, 2019-04-06, 14:54:57.000,5110, Y,49,2,3, Beverages, English Breakfast Lg,3, N, N, Ursula, 2018-12-01, N,1997, Gen Z,9062, 
9070,2164, 2019-04-06, 10:53:46.000,5022, Y,53,2,3, Beverages, Traditional Blend Chai Lg,3, N, N, Galena, 2017-09-09, N,1986, Older Millennials,9070, 
9109,2350, 2019-04-06, 18:19:25.000,5642, Y,41,,4.25, Beverages, Cappuccino Lg,4, N, N, Hanae, 2018-06-28, F,1983, Older Millennials,9109, 
9178,182, 2019-04-06, 13:28:17.000,8442, Y,70,1,3.25, Food, Cranberry Scone,3, N, N, Alec, 2017-01-13, M,1988, Older Millennials,9178, 
9202,323, 2019-04-06, 9:20:37.000,8311, N,49,1,3, Beverages, English Breakfast Lg,3, N, N, Hanna, 2017-03-27, F,1967, Gen X,9202, 
9546,2246, 2019-04-06, 9:13:23.000,8039, Y,31,1,2.2, Beverages, Ethiopia Sm,2, N, N, Leonard, 2017-06-26, M,1963, Baby Boomers,9546, 
9681,11, 2019-04-07, 9:55:28.000,589, N,57,1,3.1, Beverages, Spicy Eye Opener Chai Lg,3, N, N, Dorothy Cortez, 2018-08-22, F,1987, Older Millennials,9681, 
9695,23, 2019-04-07, 9:24:16.000,486, N,27,2,3.5, Beverages, Brazilian Lg,4, N, N, Eleanor Stephens, 2018-01-21, F,1973, Gen X,9695, 
9750,67, 2019-04-07, 11:17:49.000,209, Y,53,2,3, Beverages, Traditional Blend Chai Lg,3, N, N, Gage Robinson, 2018-08-01, M,1985, Older Millennials,9750, 
9953,243, 2019-04-07, 19:30:18.000,661, Y,33,2,3.5, Beverages, Ethiopia Lg,4, N, N, Beatrice Gutierrez, 2019-01-18, F,1996, Gen Z,9953, 
10198,7, 2019-04-07, 8:35:35.000,661, Y,84,2,0.8, Add-ons, Chocolate syrup,1, N, N, Beatrice Gutierrez, 2019-01-18, F,1996, Gen Z,10198, 
10264,54, 2019-04-07, 9:04:03.000,5844, N,24,2,3, Beverages, Our Old Time Diner Blend Lg,3, N, N, Felicia, 2019-03-11, N,2000, Gen Z,10264, 
10306,87, 2019-04-07, 10:43:54.000,5017, Y,38,2,3.75, Beverages, Latte,4, N, N, Clio, 2019-01-25, N,1999, Gen Z,10306, 
10494,220, 2019-04-07, 8:33:30.000,5402, Y,42,1,2.5, Beverages, Lemon Grass Rg,3, N, N, Cade, 2018-01-19, M,1973, Gen X,10494, 
10519,236, 2019-04-07, 9:57:26.000,5655, N,61,1,4.75, Beverages, Sustainably Grown Organic Lg,5, N, N, Cadman, 2018-06-15, N,1993, Younger Millennials,10519, 
10537,250, 2019-04-07, 2:48:59.000,5655, Y,24,1,3, Beverages, Our Old Time Diner Blend Lg,3, N, N, Cadman, 2018-06-15, N,1993, Younger Millennials,10537, 
10876,144, 2019-04-07, 9:28:13.000,5655, N,57,2,3.1, Beverages, Spicy Eye Opener Chai Lg,3, N, N, Cadman, 2018-06-15, N,1993, Younger Millennials,10876, 
10906,165, 2019-04-07, 11:23:45.000,8166, Y,63,2,0.8, Add-ons, Carmel syrup,1, N, N, Aristotle, 2018-06-06, M,1992, Younger Millennials,10906, 
11167,357, 2019-04-07, 17:12:50.000,8166, ,47,1,3, Beverages, Serenity Green Tea Lg,3, N, N, Aristotle, 2018-06-06, M,1992, Younger Millennials,11167, 
11261,433, 2019-04-07, 17:21:33.000,8166, ,50,1,2.5, Beverages, Earl Grey Rg,3, N, N, Aristotle, 2018-06-06, M,1992, Younger Millennials,11261, 
11288,457, 2019-04-07, 14:32:13.000,8166, ,69,1,3.25, Food, Hazelnut Biscotti,4, N, N, Aristotle, 2018-06-06, M,1992, Younger Millennials,11288, 
11528,115, 2019-04-08, 10:48:45.000,469, Y,54,1,2.5, Beverages, Morning Sunrise Chai Rg,3, N, N, Dacey Donaldson, 2017-12-17, F,1971, Gen X,11528, 
11533,120, 2019-04-08, 18:42:57.000,469, N,43,1,3, Beverages, Lemon Grass Lg,3, N, N, Dacey Donaldson, 2017-12-17, F,1971, Gen X,11533, 
11715,254, 2019-04-08, 19:47:25.000,213, N,32,1,3, Beverages, Ethiopia Rg,3, N, N, Talon Elliott, 2018-08-12, M,1986, Older Millennials,11715, 
11750,284, 2019-04-08, 15:28:40.000,61, N,61,2,4.75, Beverages, Sustainably Grown Organic Lg,5, N, N, Tate Solis, 2017-06-19, M,1960, Baby Boomers,11750, 
11829,350, 2019-04-08, 11:11:04.000,61, N,39,1,4.25, Beverages, Latte Rg,4, N, N, Tate Solis, 2017-06-19, M,1960, Baby Boomers,11829, 
11834,354, 2019-04-08, 17:52:05.000,61, N,29,1,2.5, Beverages, Columbian Medium Roast Rg,3, N, N, Tate Solis, 2017-06-19, M,1960, Baby Boomers,11834, 
11868,377, 2019-04-08, 18:31:48.000,61, Y,24,1,3, Beverages, Our Old Time Diner Blend Lg,3, N, N, Tate Solis, 2017-06-19, M,1960, Baby Boomers,11868, 
11900,399, 2019-04-08, 14:19:17.000,697, N,61,1,4.75, Beverages, Sustainably Grown Organic Lg,5, N, N, Jayme King, 2019-04-02, F,2000, Gen Z,11900, 
11930,423, 2019-04-08, 13:25:23.000,697, Y,36,1,3.75, Beverages, Jamaican Coffee River Lg,4, N, N, Jayme King, 2019-04-02, F,2000, Gen Z,11930, 
11959,448, 2019-04-08, 14:55:20.000,184, N,30,1,3, Beverages, Columbian Medium Roast Lg,3, N, N, Xenos Shepard, 2018-05-24, M,1981, Older Millennials,11959, 
11986,12, 2019-04-08, 10:37:59.000,5264, Y,49,1,3, Beverages, English Breakfast Lg,3, N, N, Marny, 2017-01-15, F,1951, Baby Boomers,11986, 
12215,172, 2019-04-08, 7:47:10.000,5480, N,71,1,3.75, Food, Chocolate Croissant,4, N, N, Desiree, 2017-04-24, F,1957, Baby Boomers,12215, 
12374,290, 2019-04-08, 12:54:59.000,5302, Y,35,2,3.1, Beverages, Jamaican Coffee River Rg,3, N, N, Kermit, 2017-01-19, M,1951, Baby Boomers,12374, 
12430,337, 2019-04-08, 12:25:55.000,5746, N,54,2,2.5, Beverages, Morning Sunrise Chai Rg,3, N, N, Sage, 2017-07-25, N,1985, Older Millennials,12430, 
12453,356, 2019-04-08, 11:49:26.000,5746, Y,64,2,0.8, Add-ons, Hazelnut syrup,1, N, N, Sage, 2017-07-25, N,1985, Older Millennials,12453, 
12484,382, 2019-04-08, 19:01:51.000,5746, Y,60,1,3.75, Beverages, Sustainably Grown Organic Rg,4, N, N, Sage, 2017-07-25, N,1985, Older Millennials,12484, 
12540,429, 2019-04-08, 13:07:18.000,5106, N,23,1,2.5, Beverages, Our Old Time Diner Blend Rg,3, N, N, Janna, 2019-01-11, F,1995, Gen Z,12540, 
12655,63, 2019-04-08, 10:12:05.000,5106, Y,37,1,3, Beverages, Espresso shot,3, N, N, Janna, 2019-01-11, F,1995, Gen Z,12655, 
12705,101, 2019-04-08, 9:01:29.000,8330, Y,22,1,2, Beverages, Our Old Time Diner Blend Sm,2, N, N, Garrett, 2017-06-18, M,1960, Baby Boomers,12705, 
12716,110, 2019-04-08, 8:39:42.000,8330, Y,53,1,3, Beverages, Traditional Blend Chai Lg,3, N, N, Garrett, 2017-06-18, M,1960, Baby Boomers,12716, 
12761,141, 2019-04-08, 10:59:01.000,8330, N,34,1,2.45, Beverages, Jamaican Coffee River Sm,2, N, N, Garrett, 2017-06-18, M,1960, Baby Boomers,12761, 
12991,316, 2019-04-08, 17:44:15.000,8330, N,55,2,4, Beverages, Morning Sunrise Chai Lg,4, N, N, Garrett, 2017-06-18, M,1960, Baby Boomers,12991, 
13201,476, 2019-04-08, 12:19:01.000,8151, N,56,1,2.55, Beverages, Spicy Eye Opener Chai Rg,3, N, N, Burke, 2017-11-22, M,1963, Baby Boomers,13201, 
13257,36, 2019-04-09, 9:33:16.000,711, Y,25,1,2.2, Beverages, Brazilian Sm,2, N, N, Erich Hodge, 2017-04-02, N,1955, Baby Boomers,13257, 
13323,85, 2019-04-09, 9:35:05.000,711, N,71,1,3.75, Food, Chocolate Croissant,4, N, N, Erich Hodge, 2017-04-02, N,1955, Baby Boomers,13323, 
13390,141, 2019-04-09, 7:59:55.000,711, N,6,1,21, Whole Bea, Ethiopia,21, N, N, Erich Hodge, 2017-04-02, N,1955, Baby Boomers,13390, 
13447,183, 2019-04-09, 9:37:29.000,711, Y,54,1,2.5, Beverages, Morning Sunrise Chai Rg,3, N, N, Erich Hodge, 2017-04-02, N,1955, Baby Boomers,13447, 
13450,184, 2019-04-09, 8:54:33.000,368, N,77,1,3, Food, Oatmeal Scone,3, N, N, Kyra Hampton, 2017-05-22, F,1958, Baby Boomers,13450, 
13636,319, 2019-04-09, 14:02:43.000,368, Y,34,1,2.45, Beverages, Jamaican Coffee River Sm,2, N, N, Kyra Hampton, 2017-05-22, F,1958, Baby Boomers,13636, 
13795,54, 2019-04-09, 10:50:10.000,5100, Y,28,2,2, Beverages, Columbian Medium Roast Sm,2, N, N, Barclay, 2017-12-22, M,1972, Gen X,13795, 
13918,150, 2019-04-09, 10:24:08.000,5219, Y,50,2,2.5, Beverages, Earl Grey Rg,3, N, N, Ariana, 2017-07-07, F,1961, Baby Boomers,13918, 
14047,251, 2019-04-09, 9:38:20.000,5219, Y,69,1,4.06, Food, Hazelnut Biscotti,4, N, N, Ariana, 2017-07-07, F,1961, Baby Boomers,14047, 
14404,96, 2019-04-09, 10:40:36.000,5219, Y,56,1,2.55, Beverages, Spicy Eye Opener Chai Rg,3, N, N, Ariana, 2017-07-07, F,1961, Baby Boomers,14404, 
14427,113, 2019-04-09, 10:08:26.000,5219, Y,63,2,0.8, Add-ons, Carmel syrup,1, N, N, Ariana, 2017-07-07, F,1961, Baby Boomers,14427, 
14544,199, 2019-04-09, 7:37:43.000,5219, Y,35,1,3.1, Beverages, Jamaican Coffee River Rg,3, N, N, Ariana, 2017-07-07, F,1961, Baby Boomers,14544, 
14554,206, 2019-04-09, 7:19:45.000,5219, Y,71,1,3.75, Food, Chocolate Croissant,4, N, N, Ariana, 2017-07-07, F,1961, Baby Boomers,14554, 
14581,224, 2019-04-09, 9:26:29.000,5219, Y,28,1,2, Beverages, Columbian Medium Roast Sm,2, N, N, Ariana, 2017-07-07, F,1961, Baby Boomers,14581, 
14609,246, 2019-04-09, 11:06:01.000,8147, N,29,2,2.5, Beverages, Columbian Medium Roast Rg,3, N, N, Bianca, 2018-04-17, N,1995, Gen Z,14609, 
14645,273, 2019-04-09, 10:16:43.000,8284, Y,39,2,4.25, Beverages, Latte Rg,4, N, N, Kato, 2018-08-20, M,1970, Gen X,14645, 
14881,438, 2019-04-09, 14:41:40.000,8495, N,77,1,3, Food, Oatmeal Scone,3, N, N, Avram, 2017-01-04, M,1952, Baby Boomers,14881, 
14983,15, 2019-04-10, 10:34:51.000,8495, N,27,1,3.5, Beverages, Brazilian Lg,4, N, N, Avram, 2017-01-04, M,1952, Baby Boomers,14983, 
15300,252, 2019-04-10, 8:40:13.000,8495, Y,45,2,3, Beverages, Peppermint Lg,3, N, N, Avram, 2017-01-04, M,1952, Baby Boomers,15300, 
15506,403, 2019-04-10, 17:45:53.000,74, N,48,2,2.5, Beverages, English Breakfast Rg,3, N, N, Conan Glenn, 2017-07-24, M,1962, Baby Boomers,15506, 
15518,412, 2019-04-10, 14:35:12.000,74, Y,84,2,0.8, Add-ons, Chocolate syrup,1, N, N, Conan Glenn, 2017-07-24, M,1962, Baby Boomers,15518, 
15521,415, 2019-04-10, 19:00:31.000,74, N,55,2,4, Beverages, Morning Sunrise Chai Lg,4, N, N, Conan Glenn, 2017-07-24, M,1962, Baby Boomers,15521, 
15589,49, 2019-04-10, 8:27:22.000,5670, Y,77,1,3, Food, Oatmeal Scone,3, N, N, Isaac, 2018-11-02, N,1997, Gen Z,15589, 
15661,97, 2019-04-10, 8:47:47.000,5269, Y,34,1,2.45, Beverages, Jamaican Coffee River Sm,2, N, N, Raja, 2018-03-18, N,1991, Younger Millennials,15661, 
15959,322, 2019-04-10, 14:58:33.000,5269, N,69,1,3.25, Food, Hazelnut Biscotti,4, N, N, Raja, 2018-03-18, N,1991, Younger Millennials,15959, 
15986,341, 2019-04-10, 11:16:37.000,5646, Y,36,2,3.75, Beverages, Jamaican Coffee River Lg,4, N, N, Chadwick, 2018-10-03, M,1989, Older Millennials,15986, 
16134,22, 2019-04-10, 7:26:13.000,5646, Y,52,1,2.5, Beverages, Traditional Blend Chai Rg,3, N, N, Chadwick, 2018-10-03, M,1989, Older Millennials,16134, 
16140,26, 2019-04-10, 6:31:54.000,5646, N,55,2,4, Beverages, Morning Sunrise Chai Lg,4, N, N, Chadwick, 2018-10-03, M,1989, Older Millennials,16140, 
16311,151, 2019-04-10, 7:55:00.000,8247, Y,54,2,2.5, Beverages, Morning Sunrise Chai Rg,3, N, N, Natalie, 2018-02-23, F,1954, Baby Boomers,16311, 
16423,238, 2019-04-10, 6:54:25.000,8247, Y,79,1,3.75, Food, Jumbo Savory Scone,4, N, N, Natalie, 2018-02-23, F,1954, Baby Boomers,16423, 
16426,241, 2019-04-10, 7:50:34.000,8310, N,33,2,3.5, Beverages, Ethiopia Lg,4, N, N, Eagan, 2017-10-09, M,1984, Older Millennials,16426, 
16458,261, 2019-04-10, 8:23:42.000,8310, N,55,2,4, Beverages, Morning Sunrise Chai Lg,4, N, N, Eagan, 2017-10-09, M,1984, Older Millennials,16458, 
16514,300, 2019-04-10, 7:00:48.000,8395, Y,38,1,3.75, Beverages, Latte,4, N, N, Allen, 2018-08-30, N,1999, Gen Z,16514, 
16525,306, 2019-04-10, 10:05:15.000,8395, Y,84,2,0.8, Add-ons, Chocolate syrup,1, N, N, Allen, 2018-08-30, N,1999, Gen Z,16525, 
16693,431, 2019-04-10, 18:30:17.000,8395, Y,27,2,3.5, Beverages, Brazilian Lg,4, N, N, Allen, 2018-08-30, N,1999, Gen Z,16693, 
17031,213, 2019-04-11, 7:30:04.000,8395, N,59,1,4.5, Beverages, Dark chocolate Lg,5, N, N, Allen, 2018-08-30, N,1999, Gen Z,17031, 
17039,220, 2019-04-11, 8:18:37.000,192, N,47,2,3, Beverages, Serenity Green Tea Lg,3, N, N, Connor Pacheco, 2018-06-15, M,1982, Older Millennials,17039, 
17251,379, 2019-04-11, 18:26:20.000,192, N,49,1,3, Beverages, English Breakfast Lg,3, N, N, Connor Pacheco, 2018-06-15, M,1982, Older Millennials,17251, 
17348,59, 2019-04-11, 7:19:47.000,5611, Y,22,2,2, Beverages, Our Old Time Diner Blend Sm,2, N, N, Georgia, 2017-05-12, F,1958, Baby Boomers,17348, 
17408,105, 2019-04-11, 9:53:53.000,5352, N,44,1,2.5, Beverages, Peppermint Rg,3, N, N, Vielka, 2019-01-29, N,1999, Gen Z,17408, 
17608,255, 2019-04-11, 10:06:57.000,5630, N,59,1,4.5, Beverages, Dark chocolate Lg,5, N, N, Holly, 2017-08-24, F,1964, Baby Boomers,17608, 
17714,330, 2019-04-11, 12:02:37.000,5153, Y,52,2,2.5, Beverages, Traditional Blend Chai Rg,3, N, N, Dominique, 2017-02-23, F,1953, Baby Boomers,17714, 
17771,371, 2019-04-11, 15:42:11.000,5153, N,16,1,8.95, Whole Bea, Traditional Blend Chai,9, N, N, Dominique, 2017-02-23, F,1953, Baby Boomers,17771, 
17890,24, 2019-04-11, 9:18:05.000,8365, N,60,2,3.75, Beverages, Sustainably Grown Organic Rg,4, N, N, Flynn, 2018-06-26, M,1972, Gen X,17890, 
17900,31, 2019-04-11, 8:11:20.000,8069, Y,78,1,4.5, Food, Scottish Cream Scone,5, N, N, Brittany, 2018-09-25, F,1967, Gen X,17900, 
18163,207, 2019-04-11, 11:05:06.000,8069, N,71,1,3.75, Food, Chocolate Croissant,4, N, N, Dominique, 2017-02-23, F,1953, Baby Boomers,18163, 
18164,208, 2019-04-11, 6:47:45.000,8495, N,71,1,3.75, Food, Chocolate Croissant,4, N, N, Avram, 2017-01-04, M,1952, Baby Boomers,18164, 
18179,220, 2019-04-11, 10:39:42.000,8202, N,34,2,2.45, Beverages, Jamaican Coffee River Sm,2, N, N, Judah, 2018-11-09, M,1950, Baby Boomers,18179, 
18315,331, 2019-04-11, 16:56:50.000,8411, Y,28,2,2, Beverages, Columbian Medium Roast Sm,2, N, N, Faith, 2017-09-26, F,1966, Gen X,18315, 
18415,412, 2019-04-11, 17:09:24.000,8243, Y,40,2,3.75, Beverages, Cappuccino,4, N, N, Tatiana, 2018-05-22, F,1962, Baby Boomers,18415, 
18423,418, 2019-04-11, 15:08:49.000,8008, Y,28,1,2, Beverages, Columbian Medium Roast Sm,2, N, N, Tanya, 2018-06-17, F,1992, Younger Millennials,18423, 
18446,436, 2019-04-11, 14:19:59.000,8008, Y,38,2,3.75, Beverages, Latte,4, N, N, Tanya, 2018-06-17, F,1992, Younger Millennials,18446, 
18456,443, 2019-04-11, 11:58:15.000,8008, Y,59,2,4.5, Beverages, Dark chocolate Lg,5, N, N, Tanya, 2018-06-17, F,1992, Younger Millennials,18456, 
18686,214, 2019-04-12, 8:12:01.000,8008, N,3,1,14.75, Whole Bea, Espresso Roast,15, N, N, Tanya, 2018-06-17, F,1992, Younger Millennials,18686, 
18787,312, 2019-04-12, 14:44:12.000,741, Y,54,1,2.5, Beverages, Morning Sunrise Chai Rg,3, N, N, Lane Duncan, 2017-12-07, N,1971, Gen X,18787, 
18865,379, 2019-04-12, 17:14:37.000,741, Y,12,1,8.95, Whole Bea, Peppermint,9, N, N, Lane Duncan, 2017-12-07, N,1971, Gen X,18865, 
19075,139, 2019-04-12, 9:09:34.000,5471, N,30,1,3, Beverages, Columbian Medium Roast Lg,3, N, N, Marah, 2017-08-25, N,1986, Older Millennials,19075, 
19211,243, 2019-04-12, 9:46:57.000,5471, Y,34,1,2.45, Beverages, Jamaican Coffee River Sm,2, N, N, Marah, 2017-08-25, N,1986, Older Millennials,19211, 
19500,445, 2019-04-12, 12:07:20.000,5460, N,26,1,3, Beverages, Brazilian Rg,3, N, N, Byron, 2018-11-10, M,1992, Younger Millennials,19500, 
19555,39, 2019-04-12, 9:14:04.000,8050, Y,84,2,0.8, Add-ons, Chocolate syrup,1, N, N, Summer, 2018-01-22, F,1961, Baby Boomers,19555, 
19584,61, 2019-04-12, 9:25:24.000,8050, Y,63,2,0.8, Add-ons, Carmel syrup,1, N, N, Summer, 2018-01-22, F,1961, Baby Boomers,19584, 
19592,67, 2019-04-12, 10:41:21.000,8114, Y,26,2,3, Beverages, Brazilian Rg,3, N, N, Geraldine, 2019-03-30, F,2000, Gen Z,19592, 
19753,195, 2019-04-12, 7:50:39.000,8364, Y,42,2,2.5, Beverages, Lemon Grass Rg,3, N, N, Duncan, 2017-10-21, M,1965, Gen X,19753, 
19798,228, 2019-04-12, 9:23:04.000,8301, Y,36,1,3.75, Beverages, Jamaican Coffee River Lg,4, N, N, Nasim, 2017-12-07, M,1984, Older Millennials,19798, 
19854,271, 2019-04-12, 7:56:16.000,8256, Y,50,2,2.5, Beverages, Earl Grey Rg,3, N, N, Cruz, 2018-08-16, M,1996, Gen Z,19854, 
19898,304, 2019-04-12, 19:33:39.000,8073, N,53,2,3, Beverages, Traditional Blend Chai Lg,3, N, N, Macon, 2018-06-16, M,1959, Baby Boomers,19898, 
19926,325, 2019-04-12, 16:16:28.000,8073, Y,63,2,0.8, Add-ons, Carmel syrup,1, N, N, Macon, 2018-06-16, M,1959, Baby Boomers,19926, 
19984,369, 2019-04-12, 11:49:55.000,8073, Y,31,2,2.2, Beverages, Ethiopia Sm,2, N, N, Macon, 2018-06-16, M,1959, Baby Boomers,19984, 
20000,382, 2019-04-12, 12:22:46.000,8073, Y,25,2,2.2, Beverages, Brazilian Sm,2, N, N, Macon, 2018-06-16, M,1959, Baby Boomers,20000, 
20106,459, 2019-04-12, 12:04:56.000,8073, Y,44,1,2.5, Beverages, Peppermint Rg,3, N, N, Macon, 2018-06-16, M,1959, Baby Boomers,20106, 
20284,102, 2019-04-13, 9:54:03.000,8073, Y,40,2,3.75, Beverages, Cappuccino,4, N, N, Macon, 2018-06-16, M,1959, Baby Boomers,20284, 
20345,149, 2019-04-13, 8:05:15.000,8073, Y,35,2,3.1, Beverages, Jamaican Coffee River Rg,3, N, N, Macon, 2018-06-16, M,1959, Baby Boomers,20345, 
20356,158, 2019-04-13, 10:51:35.000,98, Y,31,2,2.2, Beverages, Ethiopia Sm,2, N, N, Duncan Arnold, 2017-09-29, M,1966, Gen X,20356, 
20572,328, 2019-04-13, 13:43:10.000,98, N,50,1,2.5, Beverages, Earl Grey Rg,3, N, N, Duncan Arnold, 2017-09-29, M,1966, Gen X,20572, 
20668,12, 2019-04-13, 7:31:46.000,5255, N,32,2,3, Beverages, Ethiopia Rg,3, N, N, Peter, 2017-01-08, M,1950, Baby Boomers,20668, 
20714,46, 2019-04-13, 8:11:29.000,5255, N,40,2,3.75, Beverages, Cappuccino,4, N, N, Peter, 2017-01-08, M,1950, Baby Boomers,20714, 
20822,118, 2019-04-13, 10:57:15.000,5255, Y,63,2,0.8, Add-ons, Carmel syrup,1, N, N, Peter, 2017-01-08, M,1950, Baby Boomers,20822, 
20986,230, 2019-04-13, 9:47:34.000,5345, N,29,1,2.5, Beverages, Columbian Medium Roast Rg,3, N, N, Heidi, 2018-02-24, F,1976, Gen X,20986, 
21194,372, 2019-04-13, 12:28:41.000,5345, Y,84,2,0.8, Add-ons, Chocolate syrup,1, N, N, Heidi, 2018-02-24, F,1976, Gen X,21194, 
21470,142, 2019-04-13, 9:26:40.000,5345, N,55,2,4, Beverages, Morning Sunrise Chai Lg,4, N, N, Heidi, 2018-02-24, F,1976, Gen X,21470, 
21517,174, 2019-04-13, 10:40:41.000,8206, N,37,2,3, Beverages, Espresso shot,3, N, N, Rosalyn, 2018-02-06, F,1986, Older Millennials,21517, 
21971,503, 2019-04-13, 13:34:54.000,8481, N,79,1,3.75, Food, Jumbo Savory Scone,4, N, N, Shafira, 2019-03-22, N,1997, Gen Z,21971, 
22033,42, 2019-04-14, 9:38:00.000,8481, Y,40,2,3.75, Beverages, Cappuccino,4, N, N, Shafira, 2019-03-22, N,1997, Gen Z,22033, 
22127,108, 2019-04-14, 10:11:42.000,342, N,81,1,28, Merchandi, I Need My Bean! T-shirt,28, N, N, Blossom Alford, 2017-03-29, F,1955, Baby Boomers,22127, 
22181,153, 2019-04-14, 10:11:28.000,342, Y,55,1,4, Beverages, Morning Sunrise Chai Lg,4, N, N, Blossom Alford, 2017-03-29, F,1955, Baby Boomers,22181, 
22195,163, 2019-04-14, 9:47:00.000,367, N,52,1,2.5, Beverages, Traditional Blend Chai Rg,3, N, N, Noelle Salazar, 2017-05-20, F,1958, Baby Boomers,22195, 
22224,184, 2019-04-14, 10:27:48.000,170, N,4,1,20.45, Whole Bea, Primo Espresso Roast,20, N, N, Carl Guthrie, 2018-04-15, M,1979, Gen X,22224, 
22279,224, 2019-04-14, 19:05:17.000,476, N,77,1,3, Food, Oatmeal Scone,3, N, N, Alexa Hancock, 2017-12-31, F,1972, Gen X,22279, 
22477,12, 2019-04-14, 9:51:07.000,476, Y,74,1,3.5, Food, Ginger Biscotti,4, N, N, Alexa Hancock, 2017-12-31, F,1972, Gen X,22477, 
22585,79, 2019-04-14, 7:55:11.000,476, Y,54,1,2.5, Beverages, Morning Sunrise Chai Rg,3, N, N, Alexa Hancock, 2017-12-31, F,1972, Gen X,22585, 
22618,104, 2019-04-14, 10:46:34.000,476, N,36,1,3.75, Beverages, Jamaican Coffee River Lg,4, N, N, Alexa Hancock, 2017-12-31, F,1972, Gen X,22618, 
22632,113, 2019-04-14, 10:44:44.000,476, N,32,1,3, Beverages, Ethiopia Rg,3, N, N, Alexa Hancock, 2017-12-31, F,1972, Gen X,22632, 
22653,127, 2019-04-14, 9:29:10.000,476, Y,24,1,3, Beverages, Our Old Time Diner Blend Lg,3, N, N, Alexa Hancock, 2017-12-31, F,1972, Gen X,22653, 
22720,168, 2019-04-14, 7:15:59.000,476, Y,53,2,3, Beverages, Traditional Blend Chai Lg,3, N, N, Alexa Hancock, 2017-12-31, F,1972, Gen X,22720, 
22796,223, 2019-04-14, 8:26:16.000,476, Y,24,2,3, Beverages, Our Old Time Diner Blend Lg,3, N, N, Alexa Hancock, 2017-12-31, F,1972, Gen X,22796, 
22825,242, 2019-04-14, 15:18:55.000,476, Y,37,1,3, Beverages, Espresso shot,3, N, N, Alexa Hancock, 2017-12-31, F,1972, Gen X,22825, 
22842,251, 2019-04-14, 14:55:21.000,476, N,63,1,0.8, Add-ons, Carmel syrup,1, N, N, Alexa Hancock, 2017-12-31, F,1972, Gen X,22842, 
22853,255, 2019-04-14, 15:33:37.000,476, Y,83,1,14, Merchandi, I Need My Bean! Latte cup,14, N, N, Alexa Hancock, 2017-12-31, F,1972, Gen X,22853, 
22885,278, 2019-04-14, 12:31:00.000,476, Y,70,1,3.25, Food, Cranberry Scone,3, N, N, Alexa Hancock, 2017-12-31, F,1972, Gen X,22885, 
22998,6, 2019-04-14, 9:28:26.000,476, N,84,1,0.8, Add-ons, Chocolate syrup,1, N, N, Alexa Hancock, 2017-12-31, F,1972, Gen X,22998, 
23121,82, 2019-04-14, 9:16:07.000,476, Y,24,2,3, Beverages, Our Old Time Diner Blend Lg,3, N, N, Alexa Hancock, 2017-12-31, F,1972, Gen X,23121, 
23239,157, 2019-04-14, 10:41:51.000,476, N,48,1,2.5, Beverages, English Breakfast Rg,3, N, N, Alexa Hancock, 2017-12-31, F,1972, Gen X,23239, 
23287,188, 2019-04-14, 8:02:22.000,476, N,41,2,4.25, Beverages, Cappuccino Lg,4, N, N, Alexa Hancock, 2017-12-31, F,1972, Gen X,23287, 
23348,229, 2019-04-14, 8:48:14.000,476, N,28,1,2, Beverages, Columbian Medium Roast Sm,2, N, N, Alexa Hancock, 2017-12-31, F,1972, Gen X,23348, 
23634,420, 2019-04-14, 20:20:47.000,476, N,41,2,4.25, Beverages, Cappuccino Lg,4, N, N, Alexa Hancock, 2017-12-31, F,1972, Gen X,23634, 
23705,472, 2019-04-14, 20:06:50.000,476, Y,57,1,3.1, Beverages, Spicy Eye Opener Chai Lg,3, N, N, Alexa Hancock, 2017-12-31, F,1972, Gen X,23705, 
23714,9, 2019-04-15, 8:28:48.000,476, N,48,1,2.5, Beverages, English Breakfast Rg,3, N, N, Alexa Hancock, 2017-12-31, F,1972, Gen X,23714, 
23752,129, 2019-04-15, 7:22:05.000,476, Y,56,1,2.55, Beverages, Spicy Eye Opener Chai Rg,3, N, N, Alexa Hancock, 2017-12-31, F,1972, Gen X,23752, 
23867,466, 2019-04-15, 8:53:40.000,476, Y,84,1,0.8, Add-ons, Chocolate syrup,1, N, N, Alexa Hancock, 2017-12-31, F,1972, Gen X,23867, 
23968,703, 2019-04-15, 8:27:52.000,476, Y,57,1,3.1, Beverages, Spicy Eye Opener Chai Lg,3, N, N, Alexa Hancock, 2017-12-31, F,1972, Gen X,23968, 
24067,964, 2019-04-15, 7:47:12.000,476, Y,44,2,2.5, Beverages, Peppermint Rg,3, N, N, Alexa Hancock, 2017-12-31, F,1972, Gen X,24067, 
24138,1180, 2019-04-15, 10:39:05.000,547, N,36,1,3.75, Beverages, Jamaican Coffee River Lg,4, N, N, Ora Shields, 2018-05-27, F,1981, Older Millennials,24138, 
24170,1253, 2019-04-15, 19:57:05.000,547, N,42,2,2.5, Beverages, Lemon Grass Rg,3, N, N, Ora Shields, 2018-05-27, F,1981, Older Millennials,24170, 
24212,1381, 2019-04-15, 12:05:19.000,547, N,26,2,3, Beverages, Brazilian Rg,3, N, N, Ora Shields, 2018-05-27, F,1981, Older Millennials,24212, 
24263,1536, 2019-04-15, 11:57:48.000,547, N,79,1,3.75, Food, Jumbo Savory Scone,4, N, N, Ora Shields, 2018-05-27, F,1981, Older Millennials,24263, 
24303,1679, 2019-04-15, 14:38:47.000,547, Y,33,2,3.5, Beverages, Ethiopia Lg,4, N, N, Ora Shields, 2018-05-27, F,1981, Older Millennials,24303, 
24419,43, 2019-04-15, 8:14:22.000,547, Y,65,1,0.8, Add-ons, Sugar Free Vanilla syrup,1, N, N, Ora Shields, 2018-05-27, F,1981, Older Millennials,24419, 
24556,494, 2019-04-15, 10:05:21.000,547, Y,75,,3.5, Food, Croissant,3, N, N, Ora Shields, 2018-05-27, F,1981, Older Millennials,24556, 
24820,1485, 2019-04-15, 18:29:22.000,547, Y,59,1,4.5, Beverages, Dark chocolate Lg,5, N, N, Ora Shields, 2018-05-27, F,1981, Older Millennials,24820, 
24850,1599, 2019-04-15, 16:18:30.000,547, N,73,1,3.75, Food, Almond Croissant,4, N, N, Ora Shields, 2018-05-27, F,1981, Older Millennials,24850, 
24865,1632, 2019-04-15, 14:58:24.000,5192, N,24,2,3, Beverages, Our Old Time Diner Blend Lg,3, N, N, Castor, 2017-04-19, N,1982, Older Millennials,24865, 
25207,780, 2019-04-15, 6:50:38.000,8348, N,16,1,8.95, Whole Bea, Traditional Blend Chai,9, N, N, Ronan, 2017-06-05, M,1964, Baby Boomers,25207, 
25293,1144, 2019-04-15, 10:29:32.000,8348, Y,28,2,2, Beverages, Columbian Medium Roast Sm,2, N, N, Ronan, 2017-06-05, M,1964, Baby Boomers,25293, 
25326,1293, 2019-04-15, 8:15:24.000,8348, Y,33,2,3.5, Beverages, Ethiopia Lg,4, N, N, Ronan, 2017-06-05, M,1964, Baby Boomers,25326, 
25407,1682, 2019-04-15, 12:33:41.000,8348, Y,23,1,2.5, Beverages, Our Old Time Diner Blend Rg,3, N, N, Ronan, 2017-06-05, M,1964, Baby Boomers,25407, 
25452,1898, 2019-04-15, 17:52:50.000,8348, N,40,1,3.75, Beverages, Cappuccino,4, N, N, Ronan, 2017-06-05, M,1964, Baby Boomers,25452, 
25507,2124, 2019-04-15, 15:30:20.000,8348, N,61,2,4.75, Beverages, Sustainably Grown Organic Lg,5, N, N, Ronan, 2017-06-05, M,1964, Baby Boomers,25507, 
25835,848, 2019-04-16, 9:12:58.000,8348, Y,84,2,0.8, Add-ons, Chocolate syrup,1, N, N, Ronan, 2017-06-05, M,1964, Baby Boomers,25835, 
26135,1760, 2019-04-16, 18:37:01.000,725, N,43,2,3, Beverages, Lemon Grass Lg,3, N, N, Bruno Barnes, 2017-07-27, N,1962, Baby Boomers,26135, 
26235,39, 2019-04-16, 9:58:36.000,725, Y,23,2,2.5, Beverages, Our Old Time Diner Blend Rg,3, N, N, Bruno Barnes, 2017-07-27, N,1962, Baby Boomers,26235, 
26309,317, 2019-04-16, 8:30:16.000,5239, N,76,1,3.5, Food, Chocolate Chip Biscotti,4, N, N, Irene, 2018-10-09, N,1996, Gen Z,26309, 
26401,637, 2019-04-16, 7:38:29.000,5239, N,50,2,2.5, Beverages, Earl Grey Rg,3, N, N, Irene, 2018-10-09, N,1996, Gen Z,26401, 
26540,1164, 2019-04-16, 9:34:35.000,5935, Y,29,1,2.5, Beverages, Columbian Medium Roast Rg,3, N, N, Jenette, 2018-11-26, N,1997, Gen Z,26540, 
26952,368, 2019-04-16, 9:33:17.000,5935, N,75,1,3.5, Food, Croissant,3, N, N, Jenette, 2018-11-26, N,1997, Gen Z,26952, 
27054,663, 2019-04-16, 6:37:09.000,5935, Y,83,1,14, Merchandi, I Need My Bean! Latte cup,14, N, N, Jenette, 2018-11-26, N,1997, Gen Z,27054, 
27176,1082, 2019-04-16, 9:33:12.000,8060, Y,49,1,3, Beverages, English Breakfast Lg,3, N, N, Nell, 2017-01-14, F,1994, Younger Millennials,27176, 
27252,1394, 2019-04-16, 8:57:25.000,8060, N,25,2,2.2, Beverages, Brazilian Sm,2, N, N, Nell, 2017-01-14, F,1994, Younger Millennials,27252, 
27542,325, 2019-04-17, 7:59:11.000,8060, Y,35,2,3.1, Beverages, Jamaican Coffee River Rg,3, N, N, Nell, 2017-01-14, F,1994, Younger Millennials,27542, 
27569,403, 2019-04-17, 7:36:52.000,156, N,81,1,28, Merchandi, I Need My Bean! T-shirt,28, N, N, Nasim Bruce, 2018-03-08, M,1976, Gen X,27569, 
27655,618, 2019-04-17, 10:15:36.000,156, N,65,1,0.8, Add-ons, Sugar Free Vanilla syrup,1, N, N, Nasim Bruce, 2018-03-08, M,1976, Gen X,27655, 
28239,504, 2019-04-17, 8:42:08.000,5448, N,56,1,2.55, Beverages, Spicy Eye Opener Chai Rg,3, N, N, Mason, 2018-09-11, N,1995, Gen Z,28239, 
28252,547, 2019-04-17, 6:45:35.000,5789, Y,59,2,4.5, Beverages, Dark chocolate Lg,5, N, N, Regan, 2019-03-28, N,2000, Gen Z,28252, 
28265,577, 2019-04-17, 10:46:02.000,5827, Y,2,1,18, Whole Bea, Our Old Time Diner Blend,18, N, N, Stephen, 2018-02-05, M,1974, Gen X,28265, 
28395,1062, 2019-04-17, 6:33:41.000,5203, Y,47,1,3, Beverages, Serenity Green Tea Lg,3, N, N, Uriah, 2017-06-10, M,1960, Baby Boomers,28395, 
28460,1330, 2019-04-17, 11:26:40.000,5203, N,55,1,4, Beverages, Morning Sunrise Chai Lg,4, N, N, Uriah, 2017-06-10, M,1960, Baby Boomers,28460, 
28479,1425, 2019-04-17, 14:37:44.000,5203, Y,33,2,3.5, Beverages, Ethiopia Lg,4, N, N, Uriah, 2017-06-10, M,1960, Baby Boomers,28479, 
28723,218, 2019-04-17, 11:16:55.000,5203, N,23,1,2.5, Beverages, Our Old Time Diner Blend Rg,3, N, N, Uriah, 2017-06-10, M,1960, Baby Boomers,28723, 
28802,403, 2019-04-17, 8:32:04.000,5203, N,73,1,3.75, Food, Almond Croissant,4, N, N, Uriah, 2017-06-10, M,1960, Baby Boomers,28802, 
28911,739, 2019-04-17, 10:54:57.000,8065, Y,46,1,2.5, Beverages, Serenity Green Tea Rg,3, N, N, Nero, 2018-05-29, M,1995, Gen Z,28911, 
28947,868, 2019-04-17, 9:53:50.000,8065, N,9,1,22.5, Whole Bea, Organic Decaf Blend,23, N, N, Nero, 2018-05-29, M,1995, Gen Z,28947, 
29086,1500, 2019-04-17, 14:53:07.000,8065, N,49,1,3, Beverages, English Breakfast Lg,3, N, N, Nero, 2018-05-29, M,1995, Gen Z,29086, 
29110,1665, 2019-04-17, 16:55:51.000,8065, N,50,1,2.5, Beverages, Earl Grey Rg,3, N, N, Nero, 2018-05-29, M,1995, Gen Z,29110, 
29117,1690, 2019-04-17, 17:54:58.000,8065, Y,53,1,3, Beverages, Traditional Blend Chai Lg,3, N, N, Nero, 2018-05-29, M,1995, Gen Z,29117, 
29202,2053, 2019-04-17, 15:52:46.000,8065, N,72,1,3.25, Food, Ginger Scone,3, N, N, Nero, 2018-05-29, M,1995, Gen Z,29202, 
29306,143, 2019-04-18, 7:10:26.000,34, N,58,1,3.5, Beverages, Dark chocolate Rg,4, N, N, Murphy Mckee, 2017-04-05, M,1956, Baby Boomers,29306, 
29462,576, 2019-04-18, 10:32:59.000,34, Y,57,1,3.1, Beverages, Spicy Eye Opener Chai Lg,3, N, N, Murphy Mckee, 2017-04-05, M,1956, Baby Boomers,29462, 
29492,670, 2019-04-18, 10:14:59.000,34, Y,23,2,2.5, Beverages, Our Old Time Diner Blend Rg,3, N, N, Murphy Mckee, 2017-04-05, M,1956, Baby Boomers,29492, 
29637,1129, 2019-04-18, 9:21:55.000,34, N,61,1,4.75, Beverages, Sustainably Grown Organic Lg,5, N, N, Murphy Mckee, 2017-04-05, M,1956, Baby Boomers,29637, 
29729,1419, 2019-04-18, 16:42:59.000,34, Y,76,1,3.5, Food, Chocolate Chip Biscotti,4, N, N, Murphy Mckee, 2017-04-05, M,1956, Baby Boomers,29729, 
29812,1734, 2019-04-18, 12:37:15.000,34, N,56,1,2.55, Beverages, Spicy Eye Opener Chai Rg,3, N, N, Murphy Mckee, 2017-04-05, M,1956, Baby Boomers,29812, 
30022,564, 2019-04-18, 9:14:24.000,34, N,65,1,0.8, Add-ons, Sugar Free Vanilla syrup,1, N, N, Murphy Mckee, 2017-04-05, M,1956, Baby Boomers,30022, 
30059,712, 2019-04-18, 10:02:39.000,34, N,26,1,3, Beverages, Brazilian Rg,3, N, N, Murphy Mckee, 2017-04-05, M,1956, Baby Boomers,30059, 
30120,918, 2019-04-18, 6:32:25.000,5787, N,77,1,3, Food, Oatmeal Scone,3, N, N, Dai, 2018-03-02, N,1991, Younger Millennials,30120, 
30124,920, 2019-04-18, 10:04:20.000,5787, N,61,1,4.75, Beverages, Sustainably Grown Organic Lg,5, N, N, Dai, 2018-03-02, N,1991, Younger Millennials,30124, 
30318,1593, 2019-04-18, 15:00:01.000,5807, Y,41,1,4.25, Beverages, Cappuccino Lg,4, N, N, Cailin, 2019-02-05, F,1997, Gen Z,30318, 
30432,1991, 2019-04-18, 17:24:35.000,5807, Y,30,2,3, Beverages, Columbian Medium Roast Lg,3, N, N, Cailin, 2019-02-05, F,1997, Gen Z,30432, 
30519,133, 2019-04-18, 9:44:42.000,8483, N,65,1,0.8, Add-ons, Sugar Free Vanilla syrup,1, N, N, Samuel, 2017-01-03, M,1957, Baby Boomers,30519, 
30639,491, 2019-04-18, 7:58:48.000,8483, N,75,1,3.5, Food, Croissant,3, N, N, Samuel, 2017-01-03, M,1957, Baby Boomers,30639, 
30755,856, 2019-04-18, 10:03:38.000,8483, Y,24,1,3, Beverages, Our Old Time Diner Blend Lg,3, N, N, Samuel, 2017-01-03, M,1957, Baby Boomers,30755, 
30770,906, 2019-04-18, 9:22:09.000,8483, N,34,1,2.45, Beverages, Jamaican Coffee River Sm,2, N, N, Samuel, 2017-01-03, M,1957, Baby Boomers,30770, 
31264,475, 2019-04-19, 10:29:39.000,8483, N,71,1,3.75, Food, Chocolate Croissant,4, N, N, Samuel, 2017-01-03, M,1957, Baby Boomers,31264, 
31301,564, 2019-04-19, 8:40:20.000,8483, Y,56,1,2.55, Beverages, Spicy Eye Opener Chai Rg,3, N, N, Samuel, 2017-01-03, M,1957, Baby Boomers,31301, 
31312,603, 2019-04-19, 7:42:11.000,8483, N,51,1,3, Beverages, Earl Grey Lg,3, N, N, Samuel, 2017-01-03, M,1957, Baby Boomers,31312, 
31388,803, 2019-04-19, 10:45:52.000,8483, Y,45,1,3, Beverages, Peppermint Lg,3, N, N, Samuel, 2017-01-03, M,1957, Baby Boomers,31388, 
31768,1920, 2019-04-19, 16:51:19.000,8483, Y,75,1,3.5, Food, Croissant,3, N, N, Samuel, 2017-01-03, M,1957, Baby Boomers,31768, 
32017,837, 2019-04-19, 8:21:37.000,8483, N,84,1,0.8, Add-ons, Chocolate syrup,1, N, N, Samuel, 2017-01-03, M,1957, Baby Boomers,32017, 
32064,1006, 2019-04-19, 8:39:18.000,5330, N,53,1,3, Beverages, Traditional Blend Chai Lg,3, N, N, Arden, 2017-05-03, M,1957, Baby Boomers,32064, 
32418,189, 2019-04-19, 10:17:34.000,5330, N,54,1,2.5, Beverages, Morning Sunrise Chai Rg,3, N, N, Arden, 2017-05-03, M,1957, Baby Boomers,32418, 
32460,298, 2019-04-19, 6:35:02.000,5330, Y,35,1,3.1, Beverages, Jamaican Coffee River Rg,3, N, N, Arden, 2017-05-03, M,1957, Baby Boomers,32460, 
32476,338, 2019-04-19, 7:27:32.000,5330, Y,58,1,3.5, Beverages, Dark chocolate Rg,4, N, N, Arden, 2017-05-03, M,1957, Baby Boomers,32476, 
32511,410, 2019-04-19, 11:06:53.000,5330, Y,39,2,4.25, Beverages, Latte Rg,4, N, N, Arden, 2017-05-03, M,1957, Baby Boomers,32511, 
32554,513, 2019-04-19, 7:54:08.000,5330, Y,22,1,2, Beverages, Our Old Time Diner Blend Sm,2, N, N, Arden, 2017-05-03, M,1957, Baby Boomers,32554, 
32588,584, 2019-04-19, 8:48:24.000,8075, N,51,1,3, Beverages, Earl Grey Lg,3, N, N, Evangeline, 2018-09-14, F,1987, Older Millennials,32588, 
32594,597, 2019-04-19, 10:59:17.000,8075, Y,79,1,3.75, Food, Jumbo Savory Scone,4, N, N, Evangeline, 2018-09-14, F,1987, Older Millennials,32594, 
32629,709, 2019-04-19, 7:01:41.000,8075, Y,74,1,3.5, Food, Ginger Biscotti,4, N, N, Evangeline, 2018-09-14, F,1987, Older Millennials,32629, 
33078,54, 2019-04-20, 8:15:04.000,8075, Y,59,1,4.5, Beverages, Dark chocolate Lg,5, N, N, Evangeline, 2018-09-14, F,1987, Older Millennials,33078, 
33184,121, 2019-04-20, 8:25:34.000,75, Y,24,1,3, Beverages, Our Old Time Diner Blend Lg,3, N, N, Giacomo Luna, 2017-07-27, M,1962, Baby Boomers,33184, 
33356,235, 2019-04-20, 9:05:26.000,75, Y,52,1,2.5, Beverages, Traditional Blend Chai Rg,3, N, N, Giacomo Luna, 2017-07-27, M,1962, Baby Boomers,33356, 
33411,269, 2019-04-20, 16:53:41.000,75, Y,9,1,22.5, Whole Bea, Organic Decaf Blend,23, N, N, Giacomo Luna, 2017-07-27, M,1962, Baby Boomers,33411, 
33416,273, 2019-04-20, 14:53:18.000,75, Y,55,1,4, Beverages, Morning Sunrise Chai Lg,4, N, N, Giacomo Luna, 2017-07-27, M,1962, Baby Boomers,33416, 
33466,301, 2019-04-20, 17:55:45.000,75, N,38,1,3.75, Beverages, Latte,4, N, N, Giacomo Luna, 2017-07-27, M,1962, Baby Boomers,33466, 
33471,303, 2019-04-20, 15:37:15.000,75, Y,70,1,3.25, Food, Cranberry Scone,3, N, N, Giacomo Luna, 2017-07-27, M,1962, Baby Boomers,33471, 
33885,307, 2019-04-20, 9:11:45.000,75, Y,76,1,3.5, Food, Chocolate Chip Biscotti,4, N, N, Giacomo Luna, 2017-07-27, M,1962, Baby Boomers,33885, 
34208,705, 2019-04-20, 11:12:32.000,75, Y,7,1,19.75, Whole Bea, Jamacian Coffee River,20, N, N, Giacomo Luna, 2017-07-27, M,1962, Baby Boomers,34208, 
34287,125, 2019-04-20, 9:51:18.000,75, Y,22,2,2, Beverages, Our Old Time Diner Blend Sm,2, N, N, Giacomo Luna, 2017-07-27, M,1962, Baby Boomers,34287, 
34313,165, 2019-04-20, 8:23:47.000,75, Y,60,2,3.75, Beverages, Sustainably Grown Organic Rg,4, N, N, Giacomo Luna, 2017-07-27, M,1962, Baby Boomers,34313, 
34314,165, 2019-04-20, 8:23:47.000,75, Y,6,1,21, Whole Bea, Ethiopia,21, N, N, Giacomo Luna, 2017-07-27, M,1962, Baby Boomers,34314, 
34436,371, 2019-04-20, 10:31:16.000,75, Y,71,1,3.75, Food, Chocolate Croissant,4, N, N, Giacomo Luna, 2017-07-27, M,1962, Baby Boomers,34436, 
34447,396, 2019-04-20, 9:22:48.000,75, N,3,1,14.75, Whole Bea, Espresso Roast,15, N, N, Giacomo Luna, 2017-07-27, M,1962, Baby Boomers,34447, 
34617,678, 2019-04-20, 15:59:47.000,75, N,52,2,2.5, Beverages, Traditional Blend Chai Rg,3, N, N, Giacomo Luna, 2017-07-27, M,1962, Baby Boomers,34617, 
34770,944, 2019-04-20, 14:07:52.000,75, Y,55,2,4, Beverages, Morning Sunrise Chai Lg,4, N, N, Giacomo Luna, 2017-07-27, M,1962, Baby Boomers,34770, 
34807,19, 2019-04-21, 9:08:17.000,396, N,44,1,2.5, Beverages, Peppermint Rg,3, N, N, Dai Bennett, 2017-07-19, F,1962, Baby Boomers,34807, 
34831,37, 2019-04-21, 9:21:19.000,396, Y,49,1,3, Beverages, English Breakfast Lg,3, N, N, Dai Bennett, 2017-07-19, F,1962, Baby Boomers,34831, 
34881,74, 2019-04-21, 8:10:25.000,406, Y,44,2,2.5, Beverages, Peppermint Rg,3, N, N, Gemma Rodriguez, 2017-08-09, F,1963, Baby Boomers,34881, 
34953,127, 2019-04-21, 10:39:38.000,406, Y,42,2,2.5, Beverages, Lemon Grass Rg,3, N, N, Gemma Rodriguez, 2017-08-09, F,1963, Baby Boomers,34953, 
34993,159, 2019-04-21, 9:11:58.000,267, Y,10,1,10, Whole Bea, Guatemalan Sustainably Grown,10, N, N, Ira Vang, 2019-01-08, M,1995, Gen Z,34993, 
35155,276, 2019-04-21, 11:32:58.000,546, N,50,1,2.5, Beverages, Earl Grey Rg,3, N, N, Jillian Saunders, 2018-05-25, F,1981, Older Millennials,35155, 
35278,22, 2019-04-21, 7:18:13.000,546, N,57,2,3.1, Beverages, Spicy Eye Opener Chai Lg,3, N, N, Jillian Saunders, 2018-05-25, F,1981, Older Millennials,35278, 
35462,280, 2019-04-21, 8:36:27.000,5157, Y,56,3,2.55, Beverages, Spicy Eye Opener Chai Rg,3, N, N, Kenneth, 2017-09-19, M,1966, Gen X,35462, 
35588,470, 2019-04-21, 18:26:01.000,5157, N,77,1,3, Food, Oatmeal Scone,3, N, N, Kenneth, 2017-09-19, M,1966, Gen X,35588, 
35634,533, 2019-04-21, 12:27:21.000,5144, N,50,2,2.5, Beverages, Earl Grey Rg,3, N, N, Denise, 2019-03-03, F,1999, Gen Z,35634, 
35886,163, 2019-04-21, 8:50:55.000,5144, Y,60,1,3.75, Beverages, Sustainably Grown Organic Rg,4, N, N, Denise, 2019-03-03, F,1999, Gen Z,35886, 
35955,264, 2019-04-21, 9:36:01.000,5144, N,25,2,2.2, Beverages, Brazilian Sm,2, N, N, Denise, 2019-03-03, F,1999, Gen Z,35955, 
36244,673, 2019-04-21, 20:05:42.000,5144, Y,41,1,4.25, Beverages, Cappuccino Lg,4, N, N, Denise, 2019-03-03, F,1999, Gen Z,36244, 
36465,951, 2019-04-21, 13:32:47.000,5144, N,63,2,0.8, Add-ons, Carmel syrup,1, N, N, Denise, 2019-03-03, F,1999, Gen Z,36465, 
36499,142, 2019-04-22, 9:39:58.000,5144, Y,50,2,2.5, Beverages, Earl Grey Rg,3, N, N, Denise, 2019-03-03, F,1999, Gen Z,36499, 
36573,700, 2019-04-22, 14:46:11.000,549, N,45,2,3, Beverages, Peppermint Lg,3, N, N, Tanisha Robinson, 2018-05-31, F,1982, Older Millennials,36573, 
36715,1698, 2019-04-22, 16:25:45.000,549, N,39,2,4.25, Beverages, Latte Rg,4, N, N, Tanisha Robinson, 2018-05-31, F,1982, Older Millennials,36715, 
36813,2378, 2019-04-22, 7:28:00.000,549, N,44,,2.5, Beverages, Peppermint Rg,3, N, N, Tanisha Robinson, 2018-05-31, F,1982, Older Millennials,36813, 
37196,459, 2019-04-22, 8:36:23.000,5123, Y,42,3,2.5, Beverages, Lemon Grass Rg,3, N, N, Audrey, 2019-04-02, F,2000, Gen Z,37196, 
37659,108, 2019-04-22, 9:30:40.000,8092, Y,36,2,3.75, Beverages, Jamaican Coffee River Lg,4, N, N, Willow, 2018-01-23, F,1991, Younger Millennials,37659, 
37676,194, 2019-04-22, 10:01:53.000,8092, N,56,,2.55, Beverages, Spicy Eye Opener Chai Rg,3, N, N, Willow, 2018-01-23, F,1991, Younger Millennials,37676, 
37812,912, 2019-04-22, 9:32:08.000,8092, N,77,1,3, Food, Oatmeal Scone,3, N, N, Willow, 2018-01-23, F,1991, Younger Millennials,37812, 
37873,1218, 2019-04-22, 8:46:50.000,8092, Y,54,1,2.5, Beverages, Morning Sunrise Chai Rg,3, N, N, Willow, 2018-01-23, F,1991, Younger Millennials,37873, 
37904,1330, 2019-04-22, 10:17:04.000,8092, N,60,1,3.75, Beverages, Sustainably Grown Organic Rg,4, N, N, Willow, 2018-01-23, F,1991, Younger Millennials,37904, 
37994,1721, 2019-04-22, 13:10:22.000,8092, N,87,1,3, Beverages, Ouro Brasileiro shot,3, N, N, Willow, 2018-01-23, F,1991, Younger Millennials,37994, 
38149,68, 2019-04-23, 9:43:22.000,77, Y,45,1,3, Beverages, Peppermint Lg,3, N, N, Cullen Romero, 2017-08-02, M,1963, Baby Boomers,38149, 
38610,3409, 2019-04-23, 7:16:48.000,77, N,54,1,2.5, Beverages, Morning Sunrise Chai Rg,3, N, N, Cullen Romero, 2017-08-02, M,1963, Baby Boomers,38610, 
38717,4124, 2019-04-23, 8:52:43.000,434, Y,29,1,2.5, Beverages, Columbian Medium Roast Rg,3, N, N, Carla Stevens, 2017-10-06, F,1967, Gen X,38717, 
38732,14, 2019-04-23, 10:07:13.000,5233, N,64,1,0.8, Add-ons, Hazelnut syrup,1, N, N, Sean, 2019-01-15, N,1999, Gen Z,38732, 
38907,683, 2019-04-23, 8:52:30.000,5233, N,72,3,2.65, Food, Ginger Scone,3, N, N, Sean, 2019-01-15, N,1999, Gen Z,38907, 
38930,772, 2019-04-23, 9:18:16.000,5233, N,26,1,3, Beverages, Brazilian Rg,3, N, N, Sean, 2019-01-15, N,1999, Gen Z,38930, 
38966,922, 2019-04-23, 6:33:54.000,5393, N,45,3,3, Beverages, Peppermint Lg,3, N, N, Alfreda, 2017-08-17, F,1964, Baby Boomers,38966, 
38993,1047, 2019-04-23, 7:22:14.000,5393, Y,35,3,3.1, Beverages, Jamaican Coffee River Rg,3, N, N, Alfreda, 2017-08-17, F,1964, Baby Boomers,38993, 
39017,1109, 2019-04-23, 10:52:04.000,5393, Y,25,3,2.2, Beverages, Brazilian Sm,2, N, N, Alfreda, 2017-08-17, F,1964, Baby Boomers,39017, 
39110,1484, 2019-04-23, 11:43:00.000,5393, Y,39,1,4.25, Beverages, Latte Rg,4, N, N, Alfreda, 2017-08-17, F,1964, Baby Boomers,39110, 
39128,1543, 2019-04-23, 16:21:42.000,5393, N,34,2,2.45, Beverages, Jamaican Coffee River Sm,2, N, N, Alfreda, 2017-08-17, F,1964, Baby Boomers,39128, 
39135,1561, 2019-04-23, 16:36:05.000,5393, N,63,1,0.8, Add-ons, Carmel syrup,1, N, N, Alfreda, 2017-08-17, F,1964, Baby Boomers,39135, 
39141,1596, 2019-04-23, 12:31:50.000,5203, N,51,3,3, Beverages, Earl Grey Lg,3, N, N, Uriah, 2017-06-10, M,1960, Baby Boomers,39141, 
39152,1660, 2019-04-23, 13:45:53.000,5646, N,44,3,2.5, Beverages, Peppermint Rg,3, N, N, Chadwick, 2018-10-03, M,1989, Older Millennials,39152, 
39155,1670, 2019-04-23, 13:39:14.000,5171, Y,63,1,0.8, Add-ons, Carmel syrup,1, N, N, Skyler, 2017-07-16, F,1962, Baby Boomers,39155, 
39247,2050, 2019-04-23, 12:51:36.000,5503, N,53,1,3, Beverages, Traditional Blend Chai Lg,3, N, N, Aaron, 2017-10-24, N,1987, Older Millennials,39247, 
39290,217, 2019-04-23, 8:21:55.000,8015, Y,34,1,2.45, Beverages, Jamaican Coffee River Sm,2, N, N, Hedwig, 2018-05-20, F,1951, Baby Boomers,39290, 
39364,489, 2019-04-23, 8:11:45.000,8015, Y,14,1,8.95, Whole Bea, Earl Grey,9, N, N, Hedwig, 2018-05-20, F,1951, Baby Boomers,39364, 
39411,662, 2019-04-23, 10:14:45.000,8230, N,28,2,2, Beverages, Columbian Medium Roast Sm,2, N, N, Deirdre, 2019-02-05, N,1990, Younger Millennials,39411, 
39424,720, 2019-04-23, 8:26:23.000,8230, Y,60,,3.75, Beverages, Sustainably Grown Organic Rg,4, N, N, Deirdre, 2019-02-05, N,1990, Younger Millennials,39424, 
39689,1853, 2019-04-23, 14:46:06.000,8226, Y,33,2,3.5, Beverages, Ethiopia Lg,4, N, N, Kieran, 2018-04-06, M,1952, Baby Boomers,39689, 
39889,409, 2019-04-24, 18:37:20.000,8226, N,54,2,2.5, Beverages, Morning Sunrise Chai Rg,3, N, N, Kieran, 2018-04-06, M,1952, Baby Boomers,39889, 
39893,433, 2019-04-24, 10:25:32.000,8226, Y,42,2,2.5, Beverages, Lemon Grass Rg,3, N, N, Kieran, 2018-04-06, M,1952, Baby Boomers,39893, 
39924,584, 2019-04-24, 9:10:05.000,8226, Y,56,2,2.55, Beverages, Spicy Eye Opener Chai Rg,3, N, N, Kieran, 2018-04-06, M,1952, Baby Boomers,39924, 
40332,3126, 2019-04-24, 15:11:42.000,8226, Y,59,2,4.5, Beverages, Dark chocolate Lg,5, N, N, Kieran, 2018-04-06, M,1952, Baby Boomers,40332, 
40410,3595, 2019-04-24, 17:55:12.000,76, N,38,1,3.75, Beverages, Latte,4, N, N, Bruce Blackwell, 2017-07-30, M,1963, Baby Boomers,40410, 
40415,3603, 2019-04-24, 11:13:33.000,76, N,75,1,3.5, Food, Croissant,3, N, N, Bruce Blackwell, 2017-07-30, M,1963, Baby Boomers,40415, 
40433,3793, 2019-04-24, 9:30:32.000,76, N,49,2,3, Beverages, English Breakfast Lg,3, N, N, Bruce Blackwell, 2017-07-30, M,1963, Baby Boomers,40433, 
40556,188, 2019-04-24, 9:02:09.000,5881, N,78,1,4.5, Food, Scottish Cream Scone,5, N, N, Virginia, 2017-08-23, N,1986, Older Millennials,40556, 
40618,428, 2019-04-24, 6:17:55.000,5713, N,65,2,0.8, Add-ons, Sugar Free Vanilla syrup,1, N, N, Rhonda, 2018-05-04, F,1980, Older Millennials,40618, 
40692,712, 2019-04-24, 9:35:35.000,5704, N,77,1,3, Food, Oatmeal Scone,3, N, N, Amethyst, 2019-04-06, F,2001, Gen Z,40692, 
40795,1102, 2019-04-24, 8:56:17.000,5596, Y,34,3,2.45, Beverages, Jamaican Coffee River Sm,2, N, N, Linus, 2017-08-30, N,1986, Older Millennials,40795, 
40949,1599, 2019-04-24, 14:35:43.000,5596, N,79,1,3.75, Food, Jumbo Savory Scone,4, N, N, Linus, 2017-08-30, N,1986, Older Millennials,40949, 
41033,1834, 2019-04-24, 11:41:19.000,5100, N,63,1,0.8, Add-ons, Carmel syrup,1, N, N, Barclay, 2017-12-22, M,1972, Gen X,41033, 
41072,1967, 2019-04-24, 15:11:35.000,5100, Y,79,1,3.75, Food, Jumbo Savory Scone,4, N, N, Barclay, 2017-12-22, M,1972, Gen X,41072, 
41192,440, 2019-04-24, 9:20:55.000,5100, Y,72,1,2.65, Food, Ginger Scone,3, N, N, Barclay, 2017-12-22, M,1972, Gen X,41192, 
41236,627, 2019-04-24, 11:02:34.000,5100, Y,71,1,3.75, Food, Chocolate Croissant,4, N, N, Barclay, 2017-12-22, M,1972, Gen X,41236, 
41248,678, 2019-04-24, 9:12:29.000,5100, Y,41,1,4.25, Beverages, Cappuccino Lg,4, N, N, Barclay, 2017-12-22, M,1972, Gen X,41248, 
41264,741, 2019-04-24, 8:06:46.000,5100, N,73,1,3.75, Food, Almond Croissant,4, N, N, Barclay, 2017-12-22, M,1972, Gen X,41264, 
41520,1974, 2019-04-24, 18:50:32.000,8075, N,70,1,3.25, Food, Cranberry Scone,3, N, N, Evangeline, 2018-09-14, F,1987, Older Millennials,41520, 
41603,2301, 2019-04-24, 17:29:31.000,8307, Y,42,2,2.5, Beverages, Lemon Grass Rg,3, N, N, Nyssa, 2019-01-30, F,1951, Baby Boomers,41603, 
41614,2337, 2019-04-24, 17:35:24.000,8190, N,31,2,2.2, Beverages, Ethiopia Sm,2, N, N, Elizabeth, 2017-06-02, F,1963, Baby Boomers,41614, 
41911,1970, 2019-04-25, 16:50:49.000,608, Y,57,2,3.1, Beverages, Spicy Eye Opener Chai Lg,3, N, N, Alisa Briggs, 2018-09-30, F,1989, Older Millennials,41911, 
42138,3740, 2019-04-25, 8:57:26.000,608, N,36,1,3.75, Beverages, Jamaican Coffee River Lg,4, N, N, Alisa Briggs, 2018-09-30, F,1989, Older Millennials,42138, 
42236,91, 2019-04-25, 10:26:56.000,608, Y,38,1,3.75, Beverages, Latte,4, N, N, Alisa Briggs, 2018-09-30, F,1989, Older Millennials,42236, 
42340,479, 2019-04-25, 8:08:04.000,5921, Y,54,2,2.5, Beverages, Morning Sunrise Chai Rg,3, N, N, Charissa, 2018-10-24, N,1997, Gen Z,42340, 
42363,545, 2019-04-25, 8:27:51.000,5179, N,55,3,4, Beverages, Morning Sunrise Chai Lg,4, N, N, Caleb, 2018-08-15, M,1986, Older Millennials,42363, 
42438,788, 2019-04-25, 6:20:32.000,5179, N,55,3,4, Beverages, Morning Sunrise Chai Lg,4, N, N, Caleb, 2018-08-15, M,1986, Older Millennials,42438, 
42571,1241, 2019-04-25, 8:35:18.000,5179, N,54,3,2.5, Beverages, Morning Sunrise Chai Rg,3, N, N, Caleb, 2018-08-15, M,1986, Older Millennials,42571, 
42575,1248, 2019-04-25, 8:42:38.000,5179, N,2,,18, Whole Bea, Our Old Time Diner Blend,18, N, N, Caleb, 2018-08-15, M,1986, Older Millennials,42575, 
42579,1260, 2019-04-25, 7:37:44.000,5179, Y,48,1,2.5, Beverages, English Breakfast Rg,3, N, N, Caleb, 2018-08-15, M,1986, Older Millennials,42579, 
42773,1959, 2019-04-25, 11:45:55.000,5179, Y,45,2,3, Beverages, Peppermint Lg,3, N, N, Caleb, 2018-08-15, M,1986, Older Millennials,42773, 
42806,39, 2019-04-25, 7:15:48.000,5179, N,78,1,4.5, Food, Scottish Cream Scone,5, N, N, Caleb, 2018-08-15, M,1986, Older Millennials,42806, 
42816,78, 2019-04-25, 10:40:37.000,8407, Y,43,2,3, Beverages, Lemon Grass Lg,3, N, N, Eugenia, 2018-10-13, F,1980, Older Millennials,42816, 
43110,1402, 2019-04-25, 9:19:33.000,8407, N,12,1,8.95, Whole Bea, Peppermint,9, N, N, Eugenia, 2018-10-13, F,1980, Older Millennials,43110, 
43122,1432, 2019-04-25, 7:58:33.000,8407, Y,43,1,3, Beverages, Lemon Grass Lg,3, N, N, Eugenia, 2018-10-13, F,1980, Older Millennials,43122, 
43161,1630, 2019-04-25, 17:54:24.000,8376, Y,35,1,3.1, Beverages, Jamaican Coffee River Rg,3, N, N, Ivana, 2017-07-03, F,1995, Gen Z,43161, 
43176,1700, 2019-04-25, 16:06:12.000,8086, Y,54,1,2.5, Beverages, Morning Sunrise Chai Rg,3, N, N, Damon, 2018-03-20, M,1983, Older Millennials,43176, 
43232,1941, 2019-04-25, 12:51:26.000,8086, Y,87,2,2.1, Beverages, Ouro Brasileiro shot,3, N, N, Damon, 2018-03-20, M,1983, Older Millennials,43232, 
43244,1992, 2019-04-25, 11:31:34.000,8076, Y,69,1,3.25, Food, Hazelnut Biscotti,4, N, N, Stuart, 2018-03-03, M,1968, Gen X,43244, 
43288,2219, 2019-04-25, 12:42:13.000,8076, N,48,2,2.5, Beverages, English Breakfast Rg,3, N, N, Stuart, 2018-03-03, M,1968, Gen X,43288, 
43574,1687, 2019-04-26, 9:49:31.000,8076, N,30,1,3, Beverages, Columbian Medium Roast Lg,3, N, N, Stuart, 2018-03-03, M,1968, Gen X,43574, 
43684,2295, 2019-04-26, 10:26:37.000,8076, N,48,2,2.5, Beverages, English Breakfast Rg,3, N, N, Stuart, 2018-03-03, M,1968, Gen X,43684, 
43815,3117, 2019-04-26, 12:38:10.000,23, Y,44,2,2.5, Beverages, Peppermint Rg,3, N, N, Raphael Watkins, 2017-03-06, M,1954, Baby Boomers,43815, 
43818,3140, 2019-04-26, 9:32:01.000,23, N,31,2,2.2, Beverages, Ethiopia Sm,2, N, N, Raphael Watkins, 2017-03-06, M,1954, Baby Boomers,43818, 
43835,3280, 2019-04-26, 12:16:27.000,23, N,32,1,3, Beverages, Ethiopia Rg,3, N, N, Raphael Watkins, 2017-03-06, M,1954, Baby Boomers,43835, 
43875,3497, 2019-04-26, 13:04:17.000,254, Y,26,1,3, Beverages, Brazilian Rg,3, N, N, Theodore Armstrong, 2018-12-03, M,1993, Younger Millennials,43875, 
43879,3565, 2019-04-26, 9:01:59.000,694, Y,56,2,2.55, Beverages, Spicy Eye Opener Chai Rg,3, N, N, Caryn Parrish, 2019-03-27, F,2000, Gen Z,43879, 
43965,3997, 2019-04-26, 12:56:45.000,211, Y,56,2,2.55, Beverages, Spicy Eye Opener Chai Rg,3, N, N, Jesse Walter, 2018-08-06, M,1986, Older Millennials,43965, 
43980,4125, 2019-04-26, 14:20:34.000,211, N,27,2,3.5, Beverages, Brazilian Lg,4, N, N, Jesse Walter, 2018-08-06, M,1986, Older Millennials,43980, 
44056,236, 2019-04-26, 10:37:14.000,5009, N,27,2,3.5, Beverages, Brazilian Lg,4, N, N, Barry, 2019-03-01, M,1998, Gen Z,44056, 
44139,524, 2019-04-26, 6:29:58.000,5009, Y,58,1,3.5, Beverages, Dark chocolate Rg,4, N, N, Barry, 2019-03-01, M,1998, Gen Z,44139, 
44265,1001, 2019-04-26, 10:53:41.000,5009, N,60,1,3.75, Beverages, Sustainably Grown Organic Rg,4, N, N, Barry, 2019-03-01, M,1998, Gen Z,44265, 
44362,1428, 2019-04-26, 16:21:01.000,5009, Y,55,1,4, Beverages, Morning Sunrise Chai Lg,4, N, N, Barry, 2019-03-01, M,1998, Gen Z,44362, 
44452,1827, 2019-04-26, 13:30:58.000,5447, Y,76,1,3.5, Food, Chocolate Chip Biscotti,4, N, N, Declan, 2018-07-04, N,1994, Younger Millennials,44452, 
44461,1857, 2019-04-26, 11:48:24.000,5447, N,44,2,2.5, Beverages, Peppermint Rg,3, N, N, Declan, 2018-07-04, N,1994, Younger Millennials,44461, 
44627,587, 2019-04-26, 9:51:15.000,8384, N,61,,4.75, Beverages, Sustainably Grown Organic Lg,5, N, N, Leandra, 2018-02-28, F,1991, Younger Millennials,44627, 
44699,942, 2019-04-26, 9:37:00.000,8384, N,15,1,9.25, Whole Bea, Serenity Green Tea,9, N, N, Leandra, 2018-02-28, F,1991, Younger Millennials,44699, 
44701,944, 2019-04-26, 11:14:14.000,8384, Y,35,1,3.1, Beverages, Jamaican Coffee River Rg,3, N, N, Leandra, 2018-02-28, F,1991, Younger Millennials,44701, 
44733,1063, 2019-04-26, 11:26:52.000,8384, Y,34,1,2.45, Beverages, Jamaican Coffee River Sm,2, N, N, Leandra, 2018-02-28, F,1991, Younger Millennials,44733, 
44736,1070, 2019-04-26, 9:17:05.000,8311, N,20,1,7.6, Whole Bea, Sustainably Grown Organic,8, N, N, Hanna, 2017-03-27, F,1967, Gen X,44736, 
44803,1362, 2019-04-26, 10:14:12.000,8311, N,31,2,2.2, Beverages, Ethiopia Sm,2, N, N, Hanna, 2017-03-27, F,1967, Gen X,44803, 
44843,1537, 2019-04-26, 16:32:19.000,8311, Y,41,,4.25, Beverages, Cappuccino Lg,4, N, N, Hanna, 2017-03-27, F,1967, Gen X,44843, 
44844,1537, 2019-04-26, 16:32:19.000,8311, Y,84,2,0.8, Add-ons, Chocolate syrup,1, N, N, Hanna, 2017-03-27, F,1967, Gen X,44844, 
44973,2081, 2019-04-26, 16:59:50.000,8311, Y,30,1,3, Beverages, Columbian Medium Roast Lg,3, N, N, Hanna, 2017-03-27, F,1967, Gen X,44973, 
44995,2252, 2019-04-26, 17:17:13.000,8311, Y,33,2,3.5, Beverages, Ethiopia Lg,4, N, N, Hanna, 2017-03-27, F,1967, Gen X,44995, 
45081,293, 2019-04-27, 13:22:20.000,8311, Y,49,2,3, Beverages, English Breakfast Lg,3, N, N, Hanna, 2017-03-27, F,1967, Gen X,45081, 
45250,1489, 2019-04-27, 8:04:51.000,330, N,76,1,3.5, Food, Chocolate Chip Biscotti,4, N, N, Chanda Marks, 2017-03-05, F,1954, Baby Boomers,45250, 
45408,2503, 2019-04-27, 11:56:08.000,330, Y,39,1,4.25, Beverages, Latte Rg,4, N, N, Chanda Marks, 2017-03-05, F,1954, Baby Boomers,45408, 
45450,2858, 2019-04-27, 14:54:21.000,330, Y,36,2,3.75, Beverages, Jamaican Coffee River Lg,4, N, N, Chanda Marks, 2017-03-05, F,1954, Baby Boomers,45450, 
45511,3255, 2019-04-27, 17:07:02.000,330, Y,41,2,4.25, Beverages, Cappuccino Lg,4, N, N, Chanda Marks, 2017-03-05, F,1954, Baby Boomers,45511, 
45536,3425, 2019-04-27, 16:11:30.000,330, Y,23,2,2.5, Beverages, Our Old Time Diner Blend Rg,3, N, N, Chanda Marks, 2017-03-05, F,1954, Baby Boomers,45536, 
45586,3699, 2019-04-27, 15:42:29.000,330, Y,36,1,3.75, Beverages, Jamaican Coffee River Lg,4, N, N, Chanda Marks, 2017-03-05, F,1954, Baby Boomers,45586, 
45665,18, 2019-04-27, 10:08:05.000,5571, Y,36,1,3.75, Beverages, Jamaican Coffee River Lg,4, N, N, Kirsten, 2017-07-25, F,1962, Baby Boomers,45665, 
45705,50, 2019-04-27, 7:22:08.000,5571, N,25,1,2.2, Beverages, Brazilian Sm,2, N, N, Kirsten, 2017-07-25, F,1962, Baby Boomers,45705, 
45801,125, 2019-04-27, 10:56:48.000,5045, N,53,2,3, Beverages, Traditional Blend Chai Lg,3, N, N, Hall, 2019-04-09, M,2001, Gen Z,45801, 
45820,138, 2019-04-27, 9:36:00.000,5045, N,28,3,2, Beverages, Columbian Medium Roast Sm,2, N, N, Hall, 2019-04-09, M,2001, Gen Z,45820, 
45835,150, 2019-04-27, 8:15:26.000,5045, Y,40,2,3.75, Beverages, Cappuccino,4, N, N, Hall, 2019-04-09, M,2001, Gen Z,45835, 
46143,376, 2019-04-27, 18:22:40.000,5045, Y,46,3,2.5, Beverages, Serenity Green Tea Rg,3, N, N, Hall, 2019-04-09, M,2001, Gen Z,46143, 
46149,380, 2019-04-27, 13:26:01.000,5861, Y,44,1,2.5, Beverages, Peppermint Rg,3, N, N, Burke, 2017-10-03, M,1967, Gen X,46149, 
46182,400, 2019-04-27, 16:50:11.000,5861, N,29,3,2.5, Beverages, Columbian Medium Roast Rg,3, N, N, Burke, 2017-10-03, M,1967, Gen X,46182, 
46186,403, 2019-04-27, 15:19:35.000,5861, N,70,1,3.25, Food, Cranberry Scone,3, N, N, Burke, 2017-10-03, M,1967, Gen X,46186, 
46428,130, 2019-04-27, 10:01:11.000,5861, N,87,1,2.1, Beverages, Ouro Brasileiro shot,3, N, N, Burke, 2017-10-03, M,1967, Gen X,46428, 
46606,280, 2019-04-27, 10:02:19.000,5861, N,74,1,3.5, Food, Ginger Biscotti,4, N, N, Burke, 2017-10-03, M,1967, Gen X,46606, 
46704,358, 2019-04-27, 15:28:32.000,5861, Y,29,2,2.5, Beverages, Columbian Medium Roast Rg,3, N, N, Burke, 2017-10-03, M,1967, Gen X,46704, 
46940,356, 2019-04-28, 8:03:51.000,664, N,27,1,3.5, Beverages, Brazilian Lg,4, N, N, Portia Acevedo, 2019-01-24, F,1996, Gen Z,46940, 
46956,470, 2019-04-28, 14:01:10.000,664, N,77,1,3, Food, Oatmeal Scone,3, N, N, Portia Acevedo, 2019-01-24, F,1996, Gen Z,46956, 
47056,1297, 2019-04-28, 7:00:19.000,664, N,24,2,3, Beverages, Our Old Time Diner Blend Lg,3, N, N, Portia Acevedo, 2019-01-24, F,1996, Gen Z,47056, 
47133,1858, 2019-04-28, 7:40:20.000,664, Y,54,1,2.5, Beverages, Morning Sunrise Chai Rg,3, N, N, Portia Acevedo, 2019-01-24, F,1996, Gen Z,47133, 
47144,1938, 2019-04-28, 17:18:03.000,664, Y,50,1,2.5, Beverages, Earl Grey Rg,3, N, N, Portia Acevedo, 2019-01-24, F,1996, Gen Z,47144, 
47176,2165, 2019-04-28, 17:18:25.000,664, N,56,2,2.55, Beverages, Spicy Eye Opener Chai Rg,3, N, N, Portia Acevedo, 2019-01-24, F,1996, Gen Z,47176, 
47329,3164, 2019-04-28, 17:15:00.000,664, Y,22,2,2, Beverages, Our Old Time Diner Blend Sm,2, N, N, Portia Acevedo, 2019-01-24, F,1996, Gen Z,47329, 
47392,3640, 2019-04-28, 10:19:06.000,97, N,77,1,3, Food, Oatmeal Scone,3, N, N, Jonah Kent, 2017-09-26, M,1966, Gen X,47392, 
47553,128, 2019-04-28, 9:00:48.000,5461, N,54,2,2.5, Beverages, Morning Sunrise Chai Rg,3, N, N, Griffin, 2017-05-24, M,1959, Baby Boomers,47553, 
47559,138, 2019-04-28, 10:16:18.000,5110, N,37,1,3, Beverages, Espresso shot,3, N, N, Ursula, 2018-12-01, N,1997, Gen Z,47559, 
47661,301, 2019-04-28, 12:25:18.000,5381, N,31,,2.2, Beverages, Ethiopia Sm,2, N, N, Xena, 2018-02-01, F,1974, Gen X,47661, 
47694,369, 2019-04-28, 8:28:50.000,5263, N,61,2,4.75, Beverages, Sustainably Grown Organic Lg,5, N, N, Pearl, 2017-08-12, F,1963, Baby Boomers,47694, 
47756,456, 2019-04-28, 10:23:34.000,5407, N,29,1,2.5, Beverages, Columbian Medium Roast Rg,3, N, N, Brenna, 2018-06-16, F,1982, Older Millennials,47756, 
47776,485, 2019-04-28, 8:12:50.000,5378, N,43,2,3, Beverages, Lemon Grass Lg,3, N, N, Hilary, 2018-08-13, N,1995, Gen Z,47776, 
47885,668, 2019-04-28, 12:24:26.000,5535, Y,57,1,3.1, Beverages, Spicy Eye Opener Chai Lg,3, N, N, Ayanna, 2017-01-24, F,1951, Baby Boomers,47885, 
47951,5, 2019-04-28, 15:03:48.000,5535, N,87,1,2.1, Beverages, Ouro Brasileiro shot,3, N, N, Ayanna, 2017-01-24, F,1951, Baby Boomers,47951, 
47994,71, 2019-04-28, 9:05:49.000,5535, N,60,2,3.75, Beverages, Sustainably Grown Organic Rg,4, N, N, Ayanna, 2017-01-24, F,1951, Baby Boomers,47994, 
48083,239, 2019-04-28, 8:08:00.000,5535, N,32,2,3, Beverages, Ethiopia Rg,3, N, N, Ayanna, 2017-01-24, F,1951, Baby Boomers,48083, 
48217,426, 2019-04-28, 13:07:18.000,8158, Y,28,1,2, Beverages, Columbian Medium Roast Sm,2, N, N, Martina, 2018-09-30, F,1987, Older Millennials,48217, 
48326,601, 2019-04-28, 19:33:39.000,8374, Y,43,,3, Beverages, Lemon Grass Lg,3, N, N, Thaddeus, 2018-10-05, M,1989, Older Millennials,48326, 
48364,663, 2019-04-28, 12:17:40.000,8282, Y,55,2,4, Beverages, Morning Sunrise Chai Lg,4, N, N, Ignatius, 2017-07-10, N,1999, Gen Z,48364, 
48554,811, 2019-04-29, 14:10:59.000,740, N,53,2,3, Beverages, Traditional Blend Chai Lg,3, N, N, Conan Burris, 2017-11-28, N,1970, Gen X,48554, 
48569,928, 2019-04-29, 8:36:25.000,740, N,29,1,2.5, Beverages, Columbian Medium Roast Rg,3, N, N, Conan Burris, 2017-11-28, N,1970, Gen X,48569, 
48603,1168, 2019-04-29, 18:27:02.000,740, N,49,1,3, Beverages, English Breakfast Lg,3, N, N, Conan Burris, 2017-11-28, N,1970, Gen X,48603, 
48674,1734, 2019-04-29, 7:03:40.000,494, Y,53,1,3, Beverages, Traditional Blend Chai Lg,3, N, N, Ivory Rojas, 2018-02-07, F,1974, Gen X,48674, 
48733,2101, 2019-04-29, 19:32:52.000,65, Y,55,2,4, Beverages, Morning Sunrise Chai Lg,4, N, N, Luke Beasley, 2017-06-30, M,1961, Baby Boomers,48733, 
48757,2335, 2019-04-29, 15:01:31.000,65, N,30,1,3, Beverages, Columbian Medium Roast Lg,3, N, N, Luke Beasley, 2017-06-30, M,1961, Baby Boomers,48757, 
48769,2412, 2019-04-29, 12:00:06.000,65, N,42,2,2.5, Beverages, Lemon Grass Rg,3, N, N, Luke Beasley, 2017-06-30, M,1961, Baby Boomers,48769, 
48884,3170, 2019-04-29, 19:44:20.000,65, Y,44,1,2.5, Beverages, Peppermint Rg,3, N, N, Luke Beasley, 2017-06-30, M,1961, Baby Boomers,48884, 
48926,3532, 2019-04-29, 12:10:01.000,627, N,38,2,3.75, Beverages, Latte,4, N, N, Lesley Wells, 2018-11-09, F,1991, Younger Millennials,48926, 
48938,3675, 2019-04-29, 11:05:41.000,627, N,35,2,3.1, Beverages, Jamaican Coffee River Rg,3, N, N, Lesley Wells,  2018-11-09, F,1991, Younger Millennials,48938, 
49006,4195, 2019-04-29, 14:56:16.000,627, Y,34,2,2.45, Beverages, Jamaican Coffee River Sm,2, N, N, Lesley Wells, 2018-11-09, F,1991, Younger Millennials,49006, 
49070,97, 2019-04-29, 16:54:59.000,5395, Y,78,1,4.5, Food, Scottish Cream Scone,5, N, N, Dacey, 2018-02-03, F,1974, Gen X,49070, 
49268,412, 2019-04-29, 16:50:50.000,5896, Y,22,1,2, Beverages, Our Old Time Diner Blend Sm,2, N, N, Hoyt, 2019-01-27, N,1999, Gen Z,49268, 
49360,552, 2019-04-29, 7:06:04.000,5015, N,61,1,4.75, Beverages, Sustainably Grown Organic Lg,5, N, N, Quintessa, 2017-09-23, F,1966, Gen X,49360, 
49503,50, 2019-04-29, 17:44:00.000,8101, Y,49,1,3, Beverages, English Breakfast Lg,3, N, N, Summer, 2018-12-20, F,1974, Gen X,49503, 
49758,498, 2019-04-29, 17:21:17.000,8101, N,39,1,4.25, Beverages, Latte Rg,4, N, N, Summer,  2018-12-20, F,1974, Gen X,49758, 
49883,740, 2019-04-29, 8:16:20.000,8026, Y,41,1,4.25, Beverages, Cappuccino Lg,4, N, N, Alexander, 2018-11-15, M,1962, Baby Boomers,49883, 
